Course_Name,Code,Section,Class_type,Time,Days,Building,Room,Teacher,Lab_Time,Lab_Days,Lab_Building,Lab_Room,Lab_Teacher
CPCS 202 - برمجه 1,30639,A10,نظري/عملي,9:30 AM - 10:45 AM,MW,061,102F,سهيلة محمد صندقجي (P),11:00 AM - 12:20 PM,U,061,138G,نوف عبدالكريم ابوخضير 
CPCS 202 - برمجه 1,30640,A11,نظري/عملي,9:30 AM - 10:45 AM,MW,061,124F,نوف عبدالكريم ابوخضير (P),11:00 AM - 12:20 PM,R,061,137G,ساره سجاد الحسن 
CPCS 202 - برمجه 1,30641,A12,نظري/عملي,8:00 AM - 9:15 AM,MW,061,102F,نوف عبدالكريم ابوخضير (P),9:30 AM - 10:50 AM,U,061,137G,نوف عبدالكريم ابوخضير 
CPCS 202 - برمجه 1,30643,A13,نظري/عملي,8:00 AM - 9:15 AM,MW,061,124F,رانيا عبدالرحمن مله (P),9:30 AM - 10:50 AM,R,061,137G,ساره سجاد الحسن 
CPCS 202 - برمجه 1,30644,A14,نظري/عملي,8:00 AM - 9:15 AM,MW,061,145F,سمر عبد الله أحمد بابروك (P),9:30 AM - 10:50 AM,T,061,107G,سمر عبد الله أحمد بابروك 
CPCS 202 - برمجه 1,30648,A15,نظري/عملي,11:00 AM - 12:15 PM,MW,061,102F,سهيلة محمد صندقجي (P),8:00 AM - 9:20 AM,T,061,107G,سهيلة محمد صندقجي 
CPCS 202 - برمجه 1,30629,A6,نظري/عملي,1:00 PM - 2:15 PM,MW,061,145F,سمر عبد الله أحمد بابروك (P),9:30 AM - 10:50 AM,R,061,107G,سمر عبد الله أحمد بابروك 
CPCS 202 - برمجه 1,30633,A7,نظري/عملي,1:00 PM - 2:15 PM,MW,061,124F,سهيلة محمد صندقجي (P),9:30 AM - 10:50 AM,U,061,130G,بسمه محمد شعيب 
CPCS 202 - برمجه 1,30636,A8,نظري/عملي,11:00 AM - 12:15 PM,MW,061,145F,سمر عبد الله أحمد بابروك (P),8:00 AM - 9:20 AM,R,061,107G,سمر عبد الله أحمد بابروك 
CPCS 202 - برمجه 1,30637,A9,نظري/عملي,11:00 AM - 12:15 PM,MW,061,104G,نوف عبدالكريم ابوخضير (P),8:00 AM - 9:20 AM,U,061,130G,نوف عبدالكريم ابوخضير 
CPCS 202 - برمجه 1,30618,AAS,نظري/عملي,8:00 AM - 8:50 AM,TRU,007,091C,سلمى يحي بخاري (P),8:00 AM - 9:20 AM,W,07N,L03B,ساره سجاد الحسن 
CPCS 202 - برمجه 1,30622,BAS,نظري/عملي,8:00 AM - 9:15 AM,MW,007,004A,سلمى يحي بخاري (P),2:00 PM - 3:20 PM,U,07N,L01B,سلمى يحي بخاري 
CPCS 202 - برمجه 1,30620,CAS,نظري/عملي,9:00 AM - 9:50 AM,TRU,007,091C,سلمى يحي بخاري (P),9:30 AM - 10:50 AM,W,07N,L03B,سلمى يحي بخاري 
CPCS 202 - برمجه 1,30621,EAS,نظري/عملي,11:00 AM - 12:20 PM,M,07N,L03B,ساره سجاد الحسن ,10:00 AM - 10:50 AM,TRU,007,091C,سهيلة محمد صندقجي (P)
CPCS 202 - برمجه 1,36300,F1,نظري/عملي,2:30 PM - 3:50 PM,MW,031 كلية الحاسبات وت.المعلومات,11,عبدالله احمد باسهيل (P),5:30 PM - 6:50 PM,M,031 كلية الحاسبات وت.المعلومات,11,وسيم محمد العقاد 
CPCS 202 - برمجه 1,36301,F2,نظري/عملي,1:00 PM - 2:20 PM,MW,031 كلية الحاسبات وت.المعلومات,10,وجدي حميد الجديبي (P),7:00 PM - 8:20 PM,M,031 كلية الحاسبات وت.المعلومات,10,جواد عادل خيمي 
CPCS 202 - برمجه 1,36302,F3,نظري/عملي,4:00 PM - 4:50 PM,TRU,031 كلية الحاسبات وت.المعلومات,10,احمد غرم الله الزهراني (P),5:30 PM - 6:50 PM,W,031 كلية الحاسبات وت.المعلومات,10,جواد عادل خيمي 
CPCS 202 - برمجه 1,36303,F4,نظري/عملي,10:00 AM - 10:50 AM,TRU,031 كلية الحاسبات وت.المعلومات,10,عبدالعزيز احمد عطاءالله (P),7:00 PM - 8:20 PM,U,031 كلية الحاسبات وت.المعلومات,10,جواد عادل خيمي 
CPCS 202 - برمجه 1,36304,F5,نظري/عملي,11:00 AM - 12:20 PM,MW,031 كلية الحاسبات وت.المعلومات,10,عماد سامي جاها (P),5:30 PM - 6:50 PM,T,031 كلية الحاسبات وت.المعلومات,10,جواد عادل خيمي 
CPCS 202 - برمجه 1,36305,F6,نظري/عملي,2:00 PM - 2:50 PM,TRU,031 كلية الحاسبات وت.المعلومات,10,عبدالعزيز سراج النوري (P),5:30 PM - 6:50 PM,U,031 كلية الحاسبات وت.المعلومات,10,جواد عادل خيمي 
CPCS 202 - برمجه 1,36306,F7,نظري/عملي,1:00 PM - 1:50 PM,TRU,031 كلية الحاسبات وت.المعلومات,11,عبدالعزيز سراج النوري (P),7:00 PM - 8:20 PM,T,031 كلية الحاسبات وت.المعلومات,10,جواد عادل خيمي 
CPCS 202 - برمجه 1,36307,F8,نظري/عملي,9:00 AM - 9:50 AM,TRU,031 كلية الحاسبات وت.المعلومات,10,عبدالله مهدي القرني (P),7:00 PM - 8:20 PM,R,031 كلية الحاسبات وت.المعلومات,10,وسيم محمد العقاد 
CPCS 202 - برمجه 1,36308,F9,نظري/عملي,3:00 PM - 3:50 PM,TRU,031 كلية الحاسبات وت.المعلومات,10,عبدالعزيز سراج النوري (P),5:30 PM - 6:50 PM,R,031 كلية الحاسبات وت.المعلومات,10,جواد عادل خيمي 
CPCS 202 - برمجه 1,36309,ST1,نظري/عملي,9:00 AM - 9:50 AM,TRU,125 ( فصول دراسية ميدان قديم),211A,فراس صالح خليفه (P),5:30 PM - 6:50 PM,R,031 كلية الحاسبات وت.المعلومات,11,فراس صالح خليفه 
CPCS 202 - برمجه 1,36310,ST2,نظري/عملي,9:30 AM - 10:50 AM,MW,125 ( فصول دراسية ميدان قديم),210A,فراس صالح خليفه (P),5:30 PM - 6:50 PM,U,031 كلية الحاسبات وت.المعلومات,11,فراس صالح خليفه 
CPCS 202 - برمجه 1,30624,VAS,نظري/عملي,8:00 AM - 9:20 AM,M,07N,L03B,نهى ابراهيم النهدي ,12:00 PM - 12:50 PM,TRU,007,081B,سهيلة محمد صندقجي (P)
CPCS 203 - برمجه 2,33530,01,نظري/عملي,8:00 AM - 9:15 AM,MW,061,125F,لمى عبدالعزيز الخزيم (P),1:00 PM - 2:20 PM,T,061,107G,روان شكر الشيخ 
CPCS 203 - برمجه 2,33531,02,نظري/عملي,9:30 AM - 10:45 AM,MW,061,125F,حنين رضا بنجر (P),8:00 AM - 9:20 AM,W,061,107G,روان شكر الشيخ 
CPCS 203 - برمجه 2,38457,CS1,نظري/عملي,9:00 AM - 9:50 AM,TRU,031 كلية الحاسبات وت.المعلومات,11,عبدالعزيز احمد عطاءالله (P),11:00 AM - 12:20 PM,R,031 كلية الحاسبات وت.المعلومات,11,جواد عادل خيمي 
CPCS 203 - برمجه 2,38475,CS2,نظري/عملي,2:30 PM - 3:50 PM,MW,031 كلية الحاسبات وت.المعلومات,10,عماد سامي جاها (P),5:30 PM - 6:50 PM,M,031 كلية الحاسبات وت.المعلومات,10,جواد عادل خيمي 
CPCS 203 - برمجه 2,38505,CS3,نظري/عملي,9:30 AM - 10:50 AM,MW,TBA,TBA,TBA,5:30 PM - 6:50 PM,U,TBA,TBA,TBA
CPCS 203 - برمجه 2,36311,F1,نظري/عملي,4:00 PM - 4:50 PM,TRU,031 كلية الحاسبات وت.المعلومات, ,TBA,11:00 AM - 12:20 PM,U,031 كلية الحاسبات وت.المعلومات, ,TBA
CPCS 203 - برمجه 2,36312,F2,نظري/عملي,9:30 AM - 10:50 AM,MW,031 كلية الحاسبات وت.المعلومات,01,عماد سامي جاها (P),5:30 PM - 6:50 PM,U,471 ( فصول دراسية ميدان جديد),210A,وسيم محمد العقاد 
CPCS 204 - تراكيب البيانات -1-,33534,01C,نظري/عملي,11:00 AM - 12:15 PM,MW,061,125G,سمر محمد الخريجى (P),9:30 AM - 10:50 AM,W,061,107G,نجود مشبب الشهري 
CPCS 204 - تراكيب البيانات -1-,33536,02C,نظري/عملي,1:00 PM - 2:15 PM,MW,061,146F,سمر محمد الخريجى (P),9:30 AM - 10:50 AM,M,061,107G,نجود مشبب الشهري 
CPCS 204 - تراكيب البيانات -1-,33547,03C,نظري/عملي,9:30 AM - 10:45 AM,MW,061,146F,امل عبدالله المنصور (P),11:00 AM - 12:20 PM,M,061,107G,نجود مشبب الشهري 
CPCS 204 - تراكيب البيانات -1-,33537,04C,نظري/عملي,8:00 AM - 9:15 AM,MW,061,146F,امل عبدالله المنصور (P),11:00 AM - 12:20 PM,W,061,137G,نجود مشبب الشهري 
CPCS 204 - تراكيب البيانات -1-,33543,09S,نظري/عملي,9:30 AM - 10:45 AM,MW,061,128G,سحر حسن فلاته (P),9:30 AM - 10:50 AM,T,061,123G,سحر حسن فلاته 
CPCS 204 - تراكيب البيانات -1-,33544,10S,نظري/عملي,9:30 AM - 10:45 AM,MW,061,147G,امينه حسن قملو (P),11:00 AM - 12:20 PM,M,061,146G,سحر حسن فلاته 
CPCS 204 - تراكيب البيانات -1-,33545,11S,نظري/عملي,11:00 AM - 11:50 AM,TRU,061,104G,امينه حسن قملو (P),8:00 AM - 9:20 AM,U,061,123G,سحر حسن فلاته 
CPCS 204 - تراكيب البيانات -1-,39338,C10,نظري/عملي,1:00 PM - 2:20 PM,MW,031 كلية الحاسبات وت.المعلومات,06,عبدالمحسن عفف المعلوي (P),7:00 PM - 8:20 PM,M,031 كلية الحاسبات وت.المعلومات,11,وسيم محمد العقاد 
CPCS 204 - تراكيب البيانات -1-,39339,C11,نظري/عملي,11:00 AM - 12:20 PM,MW,471 ( فصول دراسية ميدان جديد),204A,ايمن احمد يفوز (P),5:30 PM - 6:50 PM,T,031 كلية الحاسبات وت.المعلومات,12,ايمن احمد يفوز 
CPCS 204 - تراكيب البيانات -1-,38644,CS1,نظري/عملي,9:30 AM - 10:50 AM,MW,031 كلية الحاسبات وت.المعلومات,03,عبدالمحسن عفف المعلوي (P),5:30 PM - 6:50 PM,T,031 كلية الحاسبات وت.المعلومات,05,وسيم محمد العقاد 
CPCS 204 - تراكيب البيانات -1-,38702,CS2,نظري/عملي,1:00 PM - 2:20 PM,MW,031 كلية الحاسبات وت.المعلومات,11,اسعد احمد احمد (P),5:30 PM - 6:50 PM,R,031 كلية الحاسبات وت.المعلومات,12,اسعد احمد احمد 
CPCS 204 - تراكيب البيانات -1-,39328,CS5,نظري/عملي,4:00 PM - 4:50 PM,TRU,125 ( فصول دراسية ميدان قديم),104A,امان الله احسان الله احسان الله (P),7:00 PM - 8:20 PM,W,031 كلية الحاسبات وت.المعلومات,06,وسيم محمد العقاد 
CPCS 204 - تراكيب البيانات -1-,39331,CS6,نظري/عملي,9:00 AM - 9:50 AM,TRU,031 كلية الحاسبات وت.المعلومات,16,محمد عمير شودري رمضان (P),11:00 AM - 12:20 PM,U,031 كلية الحاسبات وت.المعلومات,13,وسيم محمد العقاد 
CPCS 204 - تراكيب البيانات -1-,39333,CS7,نظري/عملي,3:00 PM - 3:50 PM,TRU,031 كلية الحاسبات وت.المعلومات,01,علي ناصر الخثلان (P),5:30 PM - 6:50 PM,T,031 كلية الحاسبات وت.المعلومات,04,علي ناصر الخثلان 
CPCS 204 - تراكيب البيانات -1-,39334,CS8,نظري/عملي,11:00 AM - 12:20 PM,MW,031 كلية الحاسبات وت.المعلومات,06,عبدالمحسن عفف المعلوي (P),7:00 PM - 8:20 PM,T,031 كلية الحاسبات وت.المعلومات,05,وسيم محمد العقاد 
CPCS 204 - تراكيب البيانات -1-,39336,CS9,نظري/عملي,4:00 PM - 4:50 PM,TRU,031 كلية الحاسبات وت.المعلومات,16,علي ناصر الخثلان (P),5:30 PM - 6:50 PM,R,031 كلية الحاسبات وت.المعلومات,16,علي ناصر الخثلان 
CPCS 204 - تراكيب البيانات -1-,33539,T05,نظري/عملي,10:00 AM - 10:50 AM,TRU,061,120F,ايناس​ فوزي خيرالله (P),1:00 PM - 2:20 PM,W,061,146G,سماهر صالح الغامدي 
CPCS 204 - تراكيب البيانات -1-,33540,T06,نظري/عملي,9:30 AM - 10:45 AM,MW,061,126G,نور عمر باجنيد (P),1:00 PM - 2:20 PM,M,061,107G,ريم عبدالرحمن السلمي 
CPCS 204 - تراكيب البيانات -1-,33541,T07,نظري/عملي,11:00 AM - 12:15 PM,MW,061,144F,نور عمر باجنيد (P),9:30 AM - 10:50 AM,R,061,139G,سماهر صالح الغامدي 
CPCS 206 - اساسيات البرمجة,33527,01,نظري,8:00 AM - 9:15 AM,MW,067, ,خلود عابدين زين العابدين (P),,,,,
CPCS 206 - اساسيات البرمجة,33529,02,نظري,9:00 AM - 9:50 AM,TRU,067,F.F162,خلود عابدين زين العابدين (P),عودة إلى السابق,,, ,
CPCS 211 - تصميم منطق رقمي,33731,02,نظري/عملي,11:00 AM - 12:15 PM,MW,061,127F,ليلى ناصف محمد (P),8:00 AM - 9:20 AM,W,061,135F,اسماء محمد الامين الشنقيطي 
CPCS 211 - تصميم منطق رقمي,33732,03,نظري/عملي,8:00 AM - 9:15 AM,MW,061,105F,ندى عمر باجنيد (P),1:00 PM - 2:20 PM,M,061,135F,ندى عمر باجنيد 
CPCS 211 - تصميم منطق رقمي,33733,04,نظري/عملي,9:30 AM - 10:45 AM,MW,061,105F,ندى عمر باجنيد (P),11:00 AM - 12:20 PM,M,061,135F,ندى عمر باجنيد 
CPCS 211 - تصميم منطق رقمي,36313,CS2,نظري/عملي,3:00 PM - 3:50 PM,TRU,031 كلية الحاسبات وت.المعلومات,11,كمال منصور جمبي (P),5:30 PM - 6:50 PM,R,031 كلية الحاسبات وت.المعلومات,06,وسيم محمد العقاد 
CPCS 211 - تصميم منطق رقمي,39355,CS3,نظري/عملي,4:00 PM - 5:20 PM,MW,031 كلية الحاسبات وت.المعلومات,12,وسيم احمد عبدالقيوم (P),5:30 PM - 6:50 PM,W,031 كلية الحاسبات وت.المعلومات,12,وسيم احمد عبدالقيوم 
CPCS 211 - تصميم منطق رقمي,36314,CS4,نظري/عملي,4:00 PM - 5:20 PM,MW,031 كلية الحاسبات وت.المعلومات,08,كمال منصور جمبي (P),7:00 PM - 8:20 PM,U,031 كلية الحاسبات وت.المعلومات,01,وسيم محمد العقاد 
CPCS 212 - رياضيات تطبيقية للحوسبة-1-,33734,01,نظري/عملي,8:00 AM - 8:50 AM,TRU,061,105F,الاء عبدالله بافيل (P),9:30 AM - 10:50 AM,U,061,146G,نجود مشبب الشهري 
CPCS 212 - رياضيات تطبيقية للحوسبة-1-,33736,02,نظري/عملي,9:00 AM - 9:50 AM,TRU,061,146F,سميه عبدالله البرادعي (P),1:00 PM - 2:20 PM,R,061,146G,نجود مشبب الشهري 
CPCS 212 - رياضيات تطبيقية للحوسبة-1-,33738,03,نظري/عملي,10:00 AM - 10:50 AM,TRU,061,146F,سميه عبدالله البرادعي (P),8:00 AM - 9:20 AM,T,061,146G,نجود مشبب الشهري 
CPCS 212 - رياضيات تطبيقية للحوسبة-1-,33739,04,نظري/عملي,12:00 PM - 12:50 PM,TRU,061,146F,الاء عبدالله بافيل (P),8:00 AM - 9:20 AM,U,061,146G,نجود مشبب الشهري 
CPCS 212 - رياضيات تطبيقية للحوسبة-1-,36315,CS3,نظري/عملي,1:00 PM - 2:20 PM,MW,031 كلية الحاسبات وت.المعلومات,08,وسيم احمد عبدالقيوم (P),7:00 PM - 8:20 PM,W,031 كلية الحاسبات وت.المعلومات,11,وسيم احمد عبدالقيوم 
CPCS 212 - رياضيات تطبيقية للحوسبة-1-,36316,CS4,نظري/عملي,9:00 AM - 9:50 AM,TRU,031 كلية الحاسبات وت.المعلومات,15,احمد الحسين حرباوي (P),11:00 AM - 12:20 PM,U,031 كلية الحاسبات وت.المعلومات,09,احمد الحسين حرباوي 
CPCS 212 - رياضيات تطبيقية للحوسبة-1-,39361,CS5,نظري/عملي,1:00 PM - 1:50 PM,TRU,081,105A,احمد الحسين حرباوي (P),7:00 PM - 8:20 PM,W,031 كلية الحاسبات وت.المعلومات,08,احمد الحسين حرباوي 
CPCS 214 - تنظيم وبنيان الحاسبات,33742,01,نظري/عملي,8:00 AM - 9:15 AM,MW,061,124G,ليلى ناصف محمد (P),8:00 AM - 9:20 AM,U,061,137G,هدى عمر الجلعود 
CPCS 214 - تنظيم وبنيان الحاسبات,36317,CS1,نظري/عملي,9:30 AM - 10:50 AM,MW,031 كلية الحاسبات وت.المعلومات,11,وسيم احمد عبدالقيوم (P),5:30 PM - 6:50 PM,R,031 كلية الحاسبات وت.المعلومات,08,وسيم احمد عبدالقيوم 
CPCS 214 - تنظيم وبنيان الحاسبات,39364,CS2,نظري/عملي,2:30 PM - 3:50 PM,MW,031 كلية الحاسبات وت.المعلومات, ,TBA,7:00 PM - 8:20 PM,M,031 كلية الحاسبات وت.المعلومات, ,TBA
CPCS 222 - تراكيب متقطعة 1,33532,01,نظري/عملي,8:00 AM - 8:50 AM,TRU,061,127G,ايمان عبدالعال الحربي (P),1:00 PM - 2:20 PM,R,061,104F,ساره سجاد الحسن 
CPCS 222 - تراكيب متقطعة 1,33533,02,نظري/عملي,10:00 AM - 10:50 AM,TRU,061,125F,ايمان عبدالعال الحربي (P),1:00 PM - 2:20 PM,U,061,104F,ساره سجاد الحسن 
CPCS 222 - تراكيب متقطعة 1,36318,CS2,نظري/عملي,4:00 PM - 5:20 PM,MW,031 كلية الحاسبات وت.المعلومات,01,محمد عمير شودري رمضان (P),5:30 PM - 6:50 PM,T,031 كلية الحاسبات وت.المعلومات,01,فراس صالح خليفه 
CPCS 222 - تراكيب متقطعة 1,36319,CS3,نظري/عملي,11:00 AM - 12:20 PM,MW,471 ( فصول دراسية ميدان جديد),210A,محمد عمير شودري رمضان (P),7:00 PM - 8:20 PM,M,471 ( فصول دراسية ميدان جديد),210A,فراس صالح خليفه 
CPCS 222 - تراكيب متقطعة 1,36320,CS4,نظري/عملي,1:00 PM - 2:20 PM,MW,081,306A,محمد عمير شودري رمضان (P),7:00 PM - 8:20 PM,W,031 كلية الحاسبات وت.المعلومات,09,فراس صالح خليفه 
CPCS 223 - تحليل وتصميم خوارزميات,33746,01,نظري/عملي,10:00 AM - 10:50 AM,TRU,061,124G,حنان جبر الاحمدي (P),8:00 AM - 9:20 AM,T,061,119F,حنان جبر الاحمدي 
CPCS 223 - تحليل وتصميم خوارزميات,40867,CS1,نظري/عملي,11:00 AM - 12:20 PM,MW,031 كلية الحاسبات وت.المعلومات,09,امان الله احسان الله احسان الله (P),5:30 PM - 6:50 PM,U,031 كلية الحاسبات وت.المعلومات,09,امان الله احسان الله احسان الله 
CPCS 223 - تحليل وتصميم خوارزميات,40870,CS2,نظري/عملي,7:00 PM - 8:20 PM,M,031 كلية الحاسبات وت.المعلومات, ,TBA,1:00 PM - 1:50 PM,TRU,031 كلية الحاسبات وت.المعلومات, ,TBA
CPCS 241 - قواعد بيانات 1,36321,CS1,نظري/عملي,2:00 PM - 2:50 PM,TRU,031 كلية الحاسبات وت.المعلومات,13,محمد ابراهيم التويجري (P),11:00 AM - 12:20 PM,U,031 كلية الحاسبات وت.المعلومات,11,جواد عادل خيمي 
CPCS 241 - قواعد بيانات 1,36322,CS2,نظري/عملي,2:30 PM - 3:50 PM,MW,031 كلية الحاسبات وت.المعلومات, ,TBA,7:00 PM - 8:20 PM,W,031 كلية الحاسبات وت.المعلومات, ,TBA
CPCS 241 - قواعد بيانات 1,36323,CS3,نظري,11:00 AM - 12:20 PM,MW,031 كلية الحاسبات وت.المعلومات, ,TBA,5:30 PM - 6:50 PM,M,031 كلية الحاسبات وت.المعلومات, ,TBA
CPCS 301 - لغات برمجة,36324,CS1,نظري/عملي,9:00 AM - 9:50 AM,TRU,031 كلية الحاسبات وت.المعلومات,14,عماد يوسف البسام (P),7:00 PM - 8:20 PM,U,031 كلية الحاسبات وت.المعلومات,13,عماد يوسف البسام 
CPCS 301 - لغات برمجة,36325,CS2,نظري,10:00 AM - 10:50 AM,TRU,031 كلية الحاسبات وت.المعلومات,09,احمد الحسين حرباوي (P),5:30 PM - 6:50 PM,W,031 كلية الحاسبات وت.المعلومات,06,احمد الحسين حرباوي 
CPCS 301 - لغات برمجة,39399,CS3,نظري/عملي,4:00 PM - 4:50 PM,TRU,031 كلية الحاسبات وت.المعلومات, ,TBA,5:30 PM - 6:50 PM,U,031 كلية الحاسبات وت.المعلومات, ,TBA
CPCS 302 - بناء المترجمات,33836,01,نظري/عملي,1:00 PM - 2:15 PM,MW,061,106F,سلطانه محمد الشمري (P),9:30 AM - 10:50 AM,R,061,123G,تهاني سعد المشدق 
CPCS 302 - بناء المترجمات,36326,CS1,نظري/عملي,4:00 PM - 5:20 PM,MW,031 كلية الحاسبات وت.المعلومات,03,امان الله احسان الله احسان الله (P),7:00 PM - 8:20 PM,R,031 كلية الحاسبات وت.المعلومات,03,امان الله احسان الله احسان الله 
CPCS 302 - بناء المترجمات,39403,CS2,نظري/عملي,5:30 PM - 6:50 PM,M,031 كلية الحاسبات وت.المعلومات, ,TBA,10:00 AM - 10:50 AM,TRU,031 كلية الحاسبات وت.المعلومات, ,TBA
CPCS 302 - بناء المترجمات,39406,CS3,نظري/عملي,1:00 PM - 1:50 PM,TRU,031 كلية الحاسبات وت.المعلومات,06,عبدالله مارش​ علي (P),7:00 PM - 8:20 PM,T,031 كلية الحاسبات وت.المعلومات,04,امان الله احسان الله احسان الله 
CPCS 324 - خوارزميات وهياكل بيانات 2,33752,01,نظري/عملي,9:30 AM - 10:45 AM,MW,061,127F,هديل رضاء سروجي (P),8:00 AM - 9:20 AM,U,061,107G,بسمه محمد شعيب 
CPCS 324 - خوارزميات وهياكل بيانات 2,33754,03,نظري/عملي,11:00 AM - 12:15 PM,MW,061,124F,هديل رضاء سروجي (P),9:30 AM - 10:50 AM,W,061,137G,اسماء محمد الامين الشنقيطي 
CPCS 324 - خوارزميات وهياكل بيانات 2,33755,04,نظري/عملي,1:00 PM - 2:15 PM,MW,061,127F,هديل رضاء سروجي (P),9:30 AM - 10:50 AM,T,061,130G,بسمه محمد شعيب 
CPCS 324 - خوارزميات وهياكل بيانات 2,36327,CS1,نظري/عملي,10:00 AM - 10:50 AM,TRU,031 كلية الحاسبات وت.المعلومات,08,عبدالله مارش​ علي (P),7:00 PM - 8:20 PM,U,031 كلية الحاسبات وت.المعلومات,12,امان الله احسان الله احسان الله 
CPCS 324 - خوارزميات وهياكل بيانات 2,36328,CS2,نظري/عملي,1:00 PM - 2:20 PM,MW,031 كلية الحاسبات وت.المعلومات,03,فواز جابر السلمي (P),11:00 AM - 12:20 PM,U,031 كلية الحاسبات وت.المعلومات,03,امان الله احسان الله احسان الله 
CPCS 324 - خوارزميات وهياكل بيانات 2,40069,CS3,نظري/عملي,2:00 PM - 2:50 PM,TRU,031 كلية الحاسبات وت.المعلومات,16,عبدالله مارش​ علي (P),5:30 PM - 6:50 PM,T,031 كلية الحاسبات وت.المعلومات,16,امان الله احسان الله احسان الله 
CPCS 324 - خوارزميات وهياكل بيانات 2,40070,CS4,نظري/عملي,4:00 PM - 4:50 PM,TRU,031 كلية الحاسبات وت.المعلومات, ,TBA,5:30 PM - 6:50 PM,R,031 كلية الحاسبات وت.المعلومات, ,TBA
CPCS 331 - ذكاء اصطناعي 1,33756,01,نظري/عملي,11:00 AM - 12:20 PM,M,061,138G,مي عادل نصير ,10:00 AM - 10:50 AM,TRU,061,124F,هاجر محمدصالح الحربي (P)
CPCS 331 - ذكاء اصطناعي 1,33762,02,نظري/عملي,8:00 AM - 8:50 AM,TRU,061,146F,سميه عبدالله البرادعي (P),8:00 AM - 9:20 AM,W,061,138G,لولوه محمد الحريقي 
CPCS 331 - ذكاء اصطناعي 1,33764,03,نظري/عملي,2:30 PM - 3:50 PM,M,061,138G,مي عادل نصير ,9:00 AM - 9:50 AM,TRU,061,124F,هاجر محمدصالح الحربي (P)
CPCS 331 - ذكاء اصطناعي 1,36329,CS1,نظري/عملي,4:00 PM - 5:20 PM,MW,471 ( فصول دراسية ميدان جديد),210A,نواف عبدالله الخربوش​ (P),11:00 AM - 12:20 PM,R,031 كلية الحاسبات وت.المعلومات,09,نواف عبدالله الخربوش​ 
CPCS 331 - ذكاء اصطناعي 1,36330,CS2,نظري/عملي,3:00 PM - 3:50 PM,TRU,031 كلية الحاسبات وت.المعلومات,13,نواف عبدالله الخربوش​ (P),5:30 PM - 6:50 PM,T,031 كلية الحاسبات وت.المعلومات,08,نواف عبدالله الخربوش​ 
CPCS 331 - ذكاء اصطناعي 1,36331,CS3,نظري,2:00 PM - 2:50 PM,TRU,031 كلية الحاسبات وت.المعلومات,01,نواف عبدالله الخربوش​ (P),5:30 PM - 6:50 PM,W,031 كلية الحاسبات وت.المعلومات,01,نواف عبدالله الخربوش​ 
CPCS 335 - أساسيات الذكاء الاصطناعي,33767,01,نظري/عملي,4:00 PM - 5:15 PM,MW,061, ,نوف عاتق الغانمي (P),,,,,
CPCS 335 - أساسيات الذكاء الاصطناعي,33773,02,نظري/عملي,5:30 PM - 6:45 PM,MW,061, ,نوف عاتق الغانمي (P),,,,,
CPCS 335 - أساسيات الذكاء الاصطناعي,33774,03,نظري/عملي,7:00 PM - 8:15 PM,MW,061, ,غاده عبدالله الدباغ (P),,,,,
CPCS 335 - أساسيات الذكاء الاصطناعي,35524,AIE,نظري/عملي,10:00 AM - 10:50 AM,TRU,R03,109,نشوان احمد الرميمة (P),,,,,
CPCS 335 - أساسيات الذكاء الاصطناعي,33471,BA,نظري/عملي,11:00 AM - 11:50 AM,TRU,RG06,109B,اندي بيسي منصور (P),,,,,
CPCS 335 - أساسيات الذكاء الاصطناعي,36332,U1,نظري/عملي,4:00 PM - 4:50 PM,TRU,081,102A,اياد عدنان كاتب (P),,,,,
CPCS 335 - أساسيات الذكاء الاصطناعي,36333,U2,نظري/عملي,5:00 PM - 5:50 PM,TRU,081,301A,عبدالعزيز سراج النوري (P),,,,,
CPCS 335 - أساسيات الذكاء الاصطناعي,36334,U3,نظري/عملي,6:00 PM - 6:50 PM,TRU,081,201A,عبدالعزيز سراج النوري (P),,,,,
CPCS 335 - أساسيات الذكاء الاصطناعي,36335,U7,نظري/عملي,4:00 PM - 5:20 PM,MW,081,308A,فواز جابر السلمي (P),,,,,
CPCS 335 - أساسيات الذكاء الاصطناعي,36336,U8,نظري/عملي,6:00 PM - 7:20 PM,MW,081,106A,وجدي حميد الجديبي (P),عودة إلى السابق,,, ,
CPCS 336 - مقدمة في الذكاء الاصطناعي,33777,01,نظري/عملي,4:00 PM - 5:15 PM,MW,TBA,TBA,اريج عباس​ مليباري (P),,,,,
CPCS 336 - مقدمة في الذكاء الاصطناعي,33782,02,نظري/عملي,4:00 PM - 5:15 PM,MW,TBA,TBA,الاء عبدالله بافيل (P),,,,,
CPCS 336 - مقدمة في الذكاء الاصطناعي,33783,03,نظري/عملي,4:00 PM - 5:15 PM,MW,TBA,TBA,سميه عبدالله البرادعي (P),,,,,
CPCS 336 - مقدمة في الذكاء الاصطناعي,33785,04,نظري/عملي,4:00 PM - 5:15 PM,MW,TBA,TBA,اريج عباس​ مليباري (P),,,,,
CPCS 336 - مقدمة في الذكاء الاصطناعي,33787,05,نظري/عملي,4:00 PM - 5:15 PM,MW,TBA,TBA,رشا طلال مرزا (P),,,,,
CPCS 336 - مقدمة في الذكاء الاصطناعي,33788,06,نظري/عملي,4:00 PM - 5:15 PM,MW,TBA,TBA,هديل رضاء سروجي (P),,,,,
CPCS 336 - مقدمة في الذكاء الاصطناعي,33790,07,نظري/عملي,4:00 PM - 5:15 PM,MW,TBA,TBA,حنان جبر الاحمدي (P),,,,,
CPCS 336 - مقدمة في الذكاء الاصطناعي,33791,08,نظري/عملي,5:30 PM - 6:45 PM,MW,TBA,TBA,سلطانه محمد الشمري (P),,,,,
CPCS 336 - مقدمة في الذكاء الاصطناعي,33793,09,نظري/عملي,5:30 PM - 6:45 PM,MW,TBA,TBA,رشا طلال مرزا (P),,,,,
CPCS 336 - مقدمة في الذكاء الاصطناعي,33794,10,نظري/عملي,5:30 PM - 6:45 PM,MW,TBA,TBA,الاء عبدالله بافيل (P),,,,,
CPCS 336 - مقدمة في الذكاء الاصطناعي,33796,11,نظري/عملي,5:30 PM - 6:45 PM,MW,TBA,TBA,رشا طلال مرزا (P),,,,,
CPCS 336 - مقدمة في الذكاء الاصطناعي,33800,12,نظري/عملي,5:30 PM - 6:45 PM,MW,TBA,TBA,حنان جبر الاحمدي (P),,,,,
CPCS 336 - مقدمة في الذكاء الاصطناعي,33797,13,نظري/عملي,5:30 PM - 6:45 PM,MW,TBA,TBA,هديل رضاء سروجي (P),,,,,
CPCS 336 - مقدمة في الذكاء الاصطناعي,33804,14,نظري/عملي,5:30 PM - 6:45 PM,MW,TBA,TBA,سميه عبدالله البرادعي (P),,,,,
CPCS 336 - مقدمة في الذكاء الاصطناعي,33806,15,نظري/عملي,7:00 PM - 8:15 PM,MW,TBA,TBA,سلطانه محمد الشمري (P),,,,,
CPCS 336 - مقدمة في الذكاء الاصطناعي,33807,16,نظري/عملي,7:00 PM - 8:15 PM,MW,TBA,TBA,رشا طلال مرزا (P),,,,,
CPCS 336 - مقدمة في الذكاء الاصطناعي,33808,17,نظري/عملي,7:00 PM - 8:15 PM,MW,TBA,TBA,الاء عبدالله بافيل (P),,,,,
CPCS 336 - مقدمة في الذكاء الاصطناعي,33811,18,نظري/عملي,7:00 PM - 8:15 PM,MW,TBA,TBA,حنان جبر الاحمدي (P),,,,,
CPCS 336 - مقدمة في الذكاء الاصطناعي,33812,19,نظري/عملي,7:00 PM - 8:15 PM,MW,TBA,TBA,اريج عباس​ مليباري (P),,,,,
CPCS 336 - مقدمة في الذكاء الاصطناعي,33813,20,نظري/عملي,7:00 PM - 8:15 PM,MW,TBA,TBA,سميه عبدالله البرادعي (P),,,,,
CPCS 336 - مقدمة في الذكاء الاصطناعي,35525,AIA,نظري/عملي,11:00 AM - 11:50 AM,TRU,R03,109,ياسر ضيف الله العتيبي (P),,,,,
CPCS 336 - مقدمة في الذكاء الاصطناعي,33487,BA,نظري/عملي,12:30 PM - 1:45 PM,MW,RG06,219B,هناء عبدالعزيز الجهني (P),,,,,
CPCS 336 - مقدمة في الذكاء الاصطناعي,36337,U1,نظري/عملي,4:00 PM - 4:50 PM,TRU,081,205A,عبدالله احمد باسهيل (P),,,,,
CPCS 336 - مقدمة في الذكاء الاصطناعي,36338,U10,نظري/عملي,9:00 PM - 10:20 PM,MW,081,105A,خالد عطية الله الصبحي (P),,,,,
CPCS 336 - مقدمة في الذكاء الاصطناعي,36339,U2,نظري/عملي,5:00 PM - 5:50 PM,TRU,081,106A,يوسف بسام ابوشرخ (P),,,,,
CPCS 336 - مقدمة في الذكاء الاصطناعي,36340,U3,نظري/عملي,6:00 PM - 6:50 PM,TRU,081,105A,احمد عيظه الزهراني (P),,,,,
CPCS 336 - مقدمة في الذكاء الاصطناعي,36341,U4,نظري/عملي,7:00 PM - 7:50 PM,TRU,081,106A,احمد عيظه الزهراني (P),,,,,
CPCS 336 - مقدمة في الذكاء الاصطناعي,36342,U5,نظري/عملي,8:00 PM - 8:50 PM,TRU,081,106A,احمد غرم الله الزهراني (P),,,,,
CPCS 336 - مقدمة في الذكاء الاصطناعي,36343,U6,نظري/عملي,9:00 PM - 9:50 PM,TRU,081,205A,احمد غرم الله الزهراني (P),,,,,
CPCS 336 - مقدمة في الذكاء الاصطناعي,36344,U7,نظري/عملي,4:00 PM - 5:20 PM,MW,081,106A,خالد حامد اللهيبي (P),,,,,
CPCS 336 - مقدمة في الذكاء الاصطناعي,36345,U8,نظري/عملي,6:00 PM - 7:20 PM,MW,081,105A,خالد حامد اللهيبي (P),,,,,
CPCS 336 - مقدمة في الذكاء الاصطناعي,36346,U9,نظري/عملي,7:30 PM - 8:50 PM,MW,081,106A,علي ناصر الخثلان (P),عودة إلى السابق,,, ,
CPCS 351 - هندسة برمجيات 1,33817,01,نظري/عملي,8:00 AM - 9:15 AM,MW,061,126G,علا عبدالرحيم الصاعدي (P),11:00 AM - 12:20 PM,W,061,122G,هنادي حمود الفريدي 
CPCS 351 - هندسة برمجيات 1,33820,02,نظري/عملي,11:00 AM - 12:15 PM,MW,061,105F,علا عبدالرحيم الصاعدي (P),2:30 PM - 3:50 PM,W,061,107G,هنادي حمود الفريدي 
CPCS 351 - هندسة برمجيات 1,33821,03,نظري/عملي,1:00 PM - 2:15 PM,MW,061,105F,علا عبدالرحيم الصاعدي (P),9:30 AM - 10:50 AM,M,061,135F,لولوه محمد الحريقي 
CPCS 351 - هندسة برمجيات 1,36347,CS1,نظري/عملي,4:00 PM - 4:50 PM,TRU,031 كلية الحاسبات وت.المعلومات,03,عبدالعزيز احمد عطاءالله (P),5:30 PM - 6:50 PM,W,031 كلية الحاسبات وت.المعلومات,09,عبدالعزيز احمد عطاءالله 
CPCS 351 - هندسة برمجيات 1,36348,CS3,نظري/عملي,2:30 PM - 3:50 PM,MW,031 كلية الحاسبات وت.المعلومات,01,وجدي حميد الجديبي (P),7:00 PM - 8:20 PM,W,031 كلية الحاسبات وت.المعلومات,01,عبدالعزيز احمد عطاءالله 
CPCS 353 - تطبيقات عملية في هندسة البرمجي,33859,01,نظري/عملي,9:00 AM - 9:50 AM,TRU,061,125F,ايمان عبدالعال الحربي (P),,,,,
CPCS 353 - تطبيقات عملية في هندسة البرمجي,36349,CS1,نظري/عملي,9:30 AM - 10:50 AM,MW,031 كلية الحاسبات وت.المعلومات, ,TBA,عودة إلى السابق,,, ,
CPCS 361 - نظم تشغيل 1,33825,01,نظري/عملي,1:00 PM - 2:15 PM,MW,061,104G,كوثر مصطفى موريا (P),8:00 AM - 9:15 AM,R,061,139G,ساره سجاد الحسن 
CPCS 361 - نظم تشغيل 1,33827,02,نظري/عملي,9:30 AM - 10:45 AM,MW,061,106F,مي احمد فاضل (P),8:00 AM - 9:15 AM,M,061,139G,ساره سجاد الحسن 
CPCS 361 - نظم تشغيل 1,33828,03,نظري/عملي,8:00 AM - 9:15 AM,MW,061,147G,مي احمد فاضل (P),2:30 PM - 3:45 PM,W,061,139G,ساره سجاد الحسن 
CPCS 361 - نظم تشغيل 1,33829,04,نظري/عملي,11:00 AM - 12:15 PM,MW,061,124G,كوثر مصطفى موريا (P),1:00 PM - 2:20 PM,W,061,131G,ساره سجاد الحسن 
CPCS 361 - نظم تشغيل 1,36350,CS1,نظري/عملي,5:30 PM - 6:50 PM,M,031 كلية الحاسبات وت.المعلومات,09,فراس صالح خليفه ,9:00 AM - 9:50 AM,TRU,031 كلية الحاسبات وت.المعلومات,09,اسعد احمد احمد (P)
CPCS 361 - نظم تشغيل 1,36351,CS2,نظري/عملي,2:30 PM - 3:50 PM,MW,471 ( فصول دراسية ميدان جديد),210A,اسعد احمد احمد (P),7:00 PM - 8:20 PM,W,471 ( فصول دراسية ميدان جديد),210A,اسعد احمد احمد 
CPCS 361 - نظم تشغيل 1,40079,CS3,نظري/عملي,2:00 PM - 2:50 PM,TRU,031 كلية الحاسبات وت.المعلومات, ,TBA,7:00 PM - 8:20 PM,R,031 كلية الحاسبات وت.المعلومات, ,TBA
CPCS 371 - شبكات حاسب 1,33830,01,نظري/عملي,12:00 PM - 12:50 PM,TRU,061,105F,عهود عبدالله الزمزمي (P),1:00 PM - 2:20 PM,U,061,136F,نجود مشبب الشهري 
CPCS 371 - شبكات حاسب 1,33832,02,نظري/عملي,10:00 AM - 10:50 AM,TRU,061,105F,هيلين جميل بخش​ (P),2:30 PM - 3:50 PM,T,061,136F,سعاد محمد المعبدي 
CPCS 371 - شبكات حاسب 1,33833,03,نظري/عملي,1:00 PM - 1:50 PM,TRU,061,127F,هيلين جميل بخش​ (P),11:00 AM - 12:20 PM,R,061,136F,نجود مشبب الشهري 
CPCS 371 - شبكات حاسب 1,33834,04,نظري/عملي,12:00 PM - 12:50 PM,TRU,061,127F,هيلين جميل بخش​ (P),2:30 PM - 3:50 PM,U,061,136F,سعاد محمد المعبدي 
CPCS 371 - شبكات حاسب 1,36352,CS1,نظري/عملي,11:00 AM - 12:20 PM,MW,081,206A,احمد غرم الله الزهراني (P),5:30 PM - 6:50 PM,M,031 كلية الحاسبات وت.المعلومات,05,احمد غرم الله الزهراني 
CPCS 371 - شبكات حاسب 1,36353,CS2,نظري/عملي,9:30 AM - 10:50 AM,MW,031 كلية الحاسبات وت.المعلومات,06,نايف وهيب راجخان (P),5:30 PM - 6:50 PM,U,031 كلية الحاسبات وت.المعلومات,05,نايف وهيب راجخان 
CPCS 372 - شبكات حاسب - 2,36354,CS2,نظري/عملي,9:00 PM - 9:50 PM,TRU,031 كلية الحاسبات وت.المعلومات,11,نايف وهيب راجخان (P),عودة إلى السابق,,, ,
CPCS 381 - تفاعل الانسان والحاسب 1,33839,01,نظري/عملي,1:00 PM - 1:50 PM,TU,061,125F,الاء عبدالله بافيل (P),1:00 PM - 1:50 PM,R,061,125F,الاء عبدالله بافيل 
CPCS 381 - تفاعل الانسان والحاسب 1,36355,CS1,نظري/عملي,4:00 PM - 4:50 PM,TU,031 كلية الحاسبات وت.المعلومات,11,احمد عيظه الزهراني (P),4:00 PM - 4:50 PM,R,031 كلية الحاسبات وت.المعلومات,11,احمد عيظه الزهراني 
CPCS 381 - تفاعل الانسان والحاسب 1,40110,CS2,نظري/عملي,1:00 PM - 1:50 PM,TU,471 ( فصول دراسية ميدان جديد),210A,TBA,5:30 PM - 6:20 PM,R,471 ( فصول دراسية ميدان جديد),210A,TBA
CPCS 381 - تفاعل الانسان والحاسب 1,40133,CS3,نظري/عملي,4:00 PM - 4:50 PM,TU,031 كلية الحاسبات وت.المعلومات, ,TBA,7:00 PM - 7:50 PM,T,031 كلية الحاسبات وت.المعلومات, ,TBA
CPCS 391 - رسوم حاسب 1,33841,01,نظري/عملي,9:30 AM - 10:45 AM,MW,061,128F,سلمى محمد كمون (P),2:30 PM - 3:50 PM,M,061,139G,هدى عمر الجلعود 
CPCS 391 - رسوم حاسب 1,36356,CS1,نظري/عملي,3:00 PM - 3:50 PM,TRU,081,102A,محمد يحيى ذهب (P),5:30 PM - 6:50 PM,R,031 كلية الحاسبات وت.المعلومات,01,محمد يحيى ذهب 
CPCS 391 - رسوم حاسب 1,36357,CS2,نظري/عملي,9:30 AM - 10:50 AM,MW,031 كلية الحاسبات وت.المعلومات,08A,TBA,11:00 AM - 12:20 PM,R,031 كلية الحاسبات وت.المعلومات,13,TBA
CPCS 391 - رسوم حاسب 1,40147,CS3,نظري/عملي,2:30 PM - 3:50 PM,MW,031 كلية الحاسبات وت.المعلومات,08,محمد يحيى ذهب (P),5:30 PM - 6:50 PM,W,031 كلية الحاسبات وت.المعلومات,11,محمد يحيى ذهب 
CPCS 403 - برمجة تطبيقات انترنت,36358,CS1,نظري/عملي,9:30 AM - 10:50 AM,MW,125 ( فصول دراسية ميدان قديم),108A,عماد يوسف البسام (P),عودة إلى السابق,,, ,
CPCS 404 - حوسبة بالمكونات,40162,CS1,نظري/عملي,2:00 PM - 2:50 PM,TRU,031 كلية الحاسبات وت.المعلومات,14,عبدالعزيز احمد عطاءالله (P),عودة إلى السابق,,, ,
CPCS 405 - موضوعات في تقنية البرمجة,40175,CS1,نظري,1:00 PM - 1:50 PM,TRU,031 كلية الحاسبات وت.المعلومات,14,عماد يوسف البسام (P),عودة إلى السابق,,, ,
CPCS 425 - أمن معلومات,33849,02,نظري/عملي,11:00 AM - 12:15 PM,MW,061,128F,عبير عادل الهذلي (P),,,,,
CPCS 425 - أمن معلومات,36359,CS1,نظري/عملي,4:00 PM - 5:20 PM,MW,040( فصول دراسية ميدان قديم),106A,خالد عطية الله الصبحي (P),عودة إلى السابق,,, ,
CPCS 432 - ذكاء اصطناعي 2,33860,01,نظري/عملي,8:00 AM - 8:50 AM,TRU,061,127F,اروى محمد باصبرين (P),,,,,
CPCS 432 - ذكاء اصطناعي 2,33862,02,نظري/عملي,9:00 AM - 9:50 AM,TRU,061,127F,اروى محمد باصبرين (P),,,,,
CPCS 432 - ذكاء اصطناعي 2,33864,03,نظري/عملي,10:00 AM - 10:50 AM,TRU,061,127F,اروى محمد باصبرين (P),,,,,
CPCS 432 - ذكاء اصطناعي 2,36360,CS1,نظري/عملي,1:00 PM - 2:20 PM,MW,031 كلية الحاسبات وت.المعلومات,09,محمد يحيى ذهب (P),,,,,
CPCS 432 - ذكاء اصطناعي 2,40226,CS2,نظري/عملي,2:00 PM - 2:50 PM,TRU,031 كلية الحاسبات وت.المعلومات, ,TBA,عودة إلى السابق,,, ,
CPCS 433 - موضوعات ذكاء اصطناعي,33866,01,نظري/عملي,9:00 AM - 9:50 AM,TRU,061,128F,ناهد عبدالعزيز العويضي (P),,,,,
CPCS 433 - موضوعات ذكاء اصطناعي,33869,02,نظري/عملي,10:00 AM - 10:50 AM,TRU,061,128F,ناهد عبدالعزيز العويضي (P),,,,,
CPCS 433 - موضوعات ذكاء اصطناعي,40236,CS1,نظري/عملي,9:00 AM - 9:50 AM,TRU,031 كلية الحاسبات وت.المعلومات,08A,تركي طلال تركي (P),عودة إلى السابق,,, ,
CPCS 463 - أمن نظم الحوسبة,33853,01,نظري/عملي,9:30 AM - 10:45 AM,MW,061,144F,عبير عادل الهذلي (P),عودة إلى السابق,,, ,
CPCS 494 - موضوعات مختارة,36361,CS1,نظري/عملي,11:00 AM - 12:20 PM,MW,031 كلية الحاسبات وت.المعلومات,01,نايف وهيب راجخان (P),,,,,
CPCS 494 - موضوعات مختارة,40237,CS2,نظري/عملي,2:00 PM - 2:50 PM,TRU,031 كلية الحاسبات وت.المعلومات,08A,احمد عيظه الزهراني (P),عودة إلى السابق,,, ,
CPCS 498 - مشروع تخرج 1,33889,01,نظري,8:00 PM - 8:50 PM,TRU,TBA,TBA,هاجر محمدصالح الحربي (P),,,,,
CPCS 498 - مشروع تخرج 1,33895,02,نظري,8:00 PM - 8:50 PM,TRU,TBA,TBA,اروى محمد باصبرين (P),,,,,
CPCS 498 - مشروع تخرج 1,33898,03,نظري,8:00 PM - 8:50 PM,TRU,TBA,TBA,اروى عبدالعزيز اللنجاوي (P),,,,,
CPCS 498 - مشروع تخرج 1,33899,04,نظري,8:00 PM - 8:50 PM,TRU,TBA,TBA,رانيا عبدالرحمن مله (P),,,,,
CPCS 498 - مشروع تخرج 1,33901,05,نظري,8:00 PM - 8:50 PM,TRU,TBA,TBA,سلمى محمد كمون (P),,,,,
CPCS 498 - مشروع تخرج 1,33902,06,نظري,8:00 PM - 8:50 PM,TRU,TBA,TBA,سميه عبدالله البرادعي (P),,,,,
CPCS 498 - مشروع تخرج 1,33904,07,نظري,8:00 PM - 8:50 PM,TRU,TBA,TBA,نوف عاتق الغانمي (P),,,,,
CPCS 498 - مشروع تخرج 1,33906,08,نظري,8:00 PM - 8:50 PM,TRU,TBA,TBA,حنين رضا بنجر (P),,,,,
CPCS 498 - مشروع تخرج 1,33908,09,نظري,8:00 PM - 8:50 PM,TRU,TBA,TBA,بسمه صالح السلمي (P),,,,,
CPCS 498 - مشروع تخرج 1,33910,10,نظري,8:00 PM - 8:50 PM,TRU,TBA,TBA,سلطانه محمد الشمري (P),,,,,
CPCS 498 - مشروع تخرج 1,33915,11,نظري,8:00 PM - 8:50 PM,TRU,TBA,TBA,سمر محمد الخريجى (P),,,,,
CPCS 498 - مشروع تخرج 1,33916,12,نظري,8:00 PM - 8:50 PM,TRU,TBA,TBA,ريم عبدالعزيز النانيه (P),,,,,
CPCS 498 - مشروع تخرج 1,33917,13,نظري,8:00 PM - 8:50 PM,TRU,TBA,TBA,ندى عمر باجنيد (P),,,,,
CPCS 498 - مشروع تخرج 1,33920,14,نظري,10:00 PM - 10:50 PM,TRU,TBA,TBA,ريمه محمد الحبشي (P),,,,,
CPCS 498 - مشروع تخرج 1,33921,15,نظري,8:00 PM - 8:50 PM,TRU,TBA,TBA,كوثر مصطفى موريا (P),,,,,
CPCS 498 - مشروع تخرج 1,33923,16,نظري,8:00 PM - 8:50 PM,TRU,TBA,TBA,منار سيد على (P),,,,,
CPCS 498 - مشروع تخرج 1,33925,17,نظري,8:00 PM - 8:50 PM,TRU,TBA,TBA,هيلين جميل بخش​ (P),,,,,
CPCS 498 - مشروع تخرج 1,33932,18,نظري,8:00 PM - 8:50 PM,TRU,TBA,TBA,ناهد عبدالعزيز العويضي (P),,,,,
CPCS 498 - مشروع تخرج 1,33935,19,نظري,8:00 PM - 8:50 PM,TRU,TBA,TBA,اريج معتوق الهذلي (P),,,,,
CPCS 498 - مشروع تخرج 1,33938,20,نظري,8:00 PM - 8:50 PM,TRU,TBA,TBA,عهود عبدالله الزمزمي (P),,,,,
CPCS 498 - مشروع تخرج 1,33939,21,نظري,10:00 PM - 10:50 PM,TRU,TBA,TBA,"غاده عبدالله الدباغ (P), لمى عبدالعزيز الخزيم ",,,,,
CPCS 498 - مشروع تخرج 1,33941,22,نظري,8:00 PM - 8:50 PM,TRU,TBA,TBA,عبير عادل الهذلي (P),,,,,
CPCS 498 - مشروع تخرج 1,33943,23,نظري,8:00 PM - 8:50 PM,TRU,TBA,TBA,رشا طلال مرزا (P),,,,,
CPCS 498 - مشروع تخرج 1,33944,24,نظري,8:00 PM - 8:50 PM,TRU,TBA,TBA,الاء عبدالله بافيل (P),,,,,
CPCS 498 - مشروع تخرج 1,33946,25,نظري,8:00 PM - 8:50 PM,TRU,TBA,TBA,ايمان عبدالعال الحربي (P),,,,,
CPCS 498 - مشروع تخرج 1,33948,26,نظري,8:00 PM - 8:50 PM,TRU,TBA,TBA,اماني طارق جمال (P),,,,,
CPCS 498 - مشروع تخرج 1,33950,27,نظري,8:00 PM - 8:50 PM,TRU,TBA,TBA,علا عبدالرحيم الصاعدي (P),,,,,
CPCS 498 - مشروع تخرج 1,33952,28,نظري,8:00 PM - 8:50 PM,TRU,TBA,TBA,مي احمد فاضل (P),,,,,
CPCS 498 - مشروع تخرج 1,33954,29,نظري,8:00 PM - 8:50 PM,TRU,TBA,TBA,لمى عبدالعزيز الخزيم (P),,,,,
CPCS 498 - مشروع تخرج 1,33955,30,نظري,8:00 PM - 8:50 PM,TRU,TBA,TBA,سناء عبدالله شرف (P),,,,,
CPCS 498 - مشروع تخرج 1,33956,31,نظري,8:00 PM - 8:50 PM,TRU,TBA,TBA,اروى يوسف الاعمى (P),,,,,
CPCS 498 - مشروع تخرج 1,36362,C01,نظري,7:00 AM - 7:50 AM,TRU,TBA,TBA,"بسمه صالح السلمي (P), سلمى محمد كمون ",,,,,
CPCS 498 - مشروع تخرج 1,36363,C02,نظري,8:00 AM - 8:50 AM,TRU,TBA,TBA,عماد يوسف البسام (P),,,,,
CPCS 498 - مشروع تخرج 1,36364,C03,نظري,7:00 AM - 7:50 AM,TRU,TBA,TBA,عبدالمحسن عفف المعلوي (P),,,,,
CPCS 498 - مشروع تخرج 1,36365,C04,نظري,10:00 PM - 10:50 PM,TRU,TBA,TBA,محمد يحيى ذهب (P),,,,,
CPCS 498 - مشروع تخرج 1,36366,C05,نظري,11:00 PM - 11:50 PM,TRU,TBA,TBA,فهد عبدالله القرشي (P),,,,,
CPCS 498 - مشروع تخرج 1,36367,C07,نظري,8:00 AM - 8:50 AM,TRU,TBA,TBA,نايف وهيب راجخان (P),,,,,
CPCS 498 - مشروع تخرج 1,36368,C08,نظري,9:00 PM - 9:50 PM,TRU,TBA,TBA,عبدالله مارش​ علي (P),,,,,
CPCS 498 - مشروع تخرج 1,36369,C09,نظري,10:00 PM - 10:50 PM,TRU,TBA,TBA,احمد الحسين حرباوي (P),,,,,
CPCS 498 - مشروع تخرج 1,36370,C10,نظري,11:00 PM - 11:50 PM,TRU,TBA,TBA,"محمد ابراهيم التويجري (P), امين يوسف نعمان ",,,,,
CPCS 498 - مشروع تخرج 1,36371,C11,نظري,7:00 AM - 7:50 AM,TRU,TBA,TBA,اسعد احمد احمد (P),,,,,
CPCS 498 - مشروع تخرج 1,36372,C12,نظري,8:00 AM - 8:50 AM,TRU,TBA,TBA,"احمد عيظه الزهراني (P), فهد عبدالله القرشي ",,,,,
CPCS 498 - مشروع تخرج 1,36373,C13,نظري,9:00 PM - 9:50 PM,TRU,TBA,TBA,احمد الحسين حرباوي (P),,,,,
CPCS 498 - مشروع تخرج 1,36374,C14,نظري,10:00 PM - 10:50 PM,TRU,TBA,TBA,عبدالمحسن عفف المعلوي (P),,,,,
CPCS 498 - مشروع تخرج 1,36375,C15,نظري,11:00 PM - 11:50 PM,TRU,TBA,TBA,عماد يوسف البسام (P),,,,,
CPCS 498 - مشروع تخرج 1,36376,C16,نظري,7:00 AM - 7:50 AM,TRU,TBA,TBA,عبدالله مارش​ علي (P),,,,,
CPCS 498 - مشروع تخرج 1,36377,C17,نظري,8:00 AM - 8:50 AM,TRU,TBA,TBA,محمد يحيى ذهب (P),,,,,
CPCS 498 - مشروع تخرج 1,36378,C18,نظري,10:00 PM - 10:50 PM,TRU,TBA,TBA,عبدالعزيز احمد عطاءالله (P),,,,,
CPCS 498 - مشروع تخرج 1,36379,C19,نظري,10:00 PM - 10:50 PM,TRU,TBA,TBA,"فهد عبدالله القرشي (P), وسيم احمد عبدالقيوم ",,,,,
CPCS 498 - مشروع تخرج 1,36380,C20,نظري,11:00 PM - 11:50 PM,TRU,TBA,TBA,اسعد احمد احمد (P),,,,,
CPCS 498 - مشروع تخرج 1,36381,C21,نظري,7:00 AM - 7:50 AM,TRU,TBA,TBA,TBA,,,,,
CPCS 498 - مشروع تخرج 1,36382,C22,نظري,8:00 AM - 8:50 AM,TRU,TBA,TBA,عياد احمد البشري (P),,,,,
CPCS 498 - مشروع تخرج 1,36383,C23,نظري,9:00 PM - 9:50 PM,TRU,TBA,TBA,احمد سعيد الزهراني (P),,,,,
CPCS 498 - مشروع تخرج 1,36384,C24,نظري,10:00 PM - 10:50 PM,TRU,TBA,TBA,بسمه صالح السلمي (P),,,,,
CPCS 498 - مشروع تخرج 1,36385,C25,نظري,11:00 PM - 11:50 PM,TRU,TBA,TBA,محمد يحيى ذهب (P),,,,,
CPCS 498 - مشروع تخرج 1,36386,C26,نظري,7:00 AM - 7:50 AM,TRU,TBA,TBA,TBA,,,,,
CPCS 498 - مشروع تخرج 1,36387,C27,نظري,8:00 AM - 8:50 AM,TRU,TBA,TBA,TBA,,,,,
CPCS 498 - مشروع تخرج 1,36388,C28,نظري,9:00 PM - 9:50 PM,TRU,TBA,TBA,TBA,,,,,
CPCS 498 - مشروع تخرج 1,36389,C29,نظري,10:00 PM - 10:50 PM,TRU,TBA,TBA,TBA,,,,,
CPCS 498 - مشروع تخرج 1,36390,C30,نظري,11:00 PM - 11:50 PM,TRU,TBA,TBA,TBA,عودة إلى السابق,,, ,
CPCS 499 - مشروع تخرج 2,33967,01,نظري,9:00 PM - 9:50 PM,TRU,TBA,TBA,"مي احمد فاضل (P), حنان جبر الاحمدي ",,,,,
CPCS 499 - مشروع تخرج 2,33973,02,نظري,9:00 PM - 9:50 PM,TRU,TBA,TBA,"حنين رضا بنجر (P), سلمى محمد كمون ",,,,,
CPCS 499 - مشروع تخرج 2,33975,03,نظري,9:00 PM - 9:50 PM,TRU,TBA,TBA,"عبير عادل الهذلي (P), نوف عبدالكريم ابوخضير ",,,,,
CPCS 499 - مشروع تخرج 2,33976,04,نظري,9:00 PM - 9:50 PM,TRU,TBA,TBA,امل عبدالله المنصور (P),,,,,
CPCS 499 - مشروع تخرج 2,33979,05,نظري,9:00 PM - 9:50 PM,TRU,TBA,TBA,"هيلين جميل بخش​ (P), هديل رضاء سروجي ",,,,,
CPCS 499 - مشروع تخرج 2,33981,06,نظري,9:00 PM - 9:50 PM,TRU,TBA,TBA,سمر محمد الخريجى (P),,,,,
CPCS 499 - مشروع تخرج 2,36391,C01,نظري,9:00 PM - 9:50 PM,TRU,TBA,TBA,"يوسف بسام ابوشرخ (P), امين يوسف نعمان ",,,,,
CPCS 499 - مشروع تخرج 2,36392,C02,نظري,10:00 PM - 10:50 PM,TRU,TBA,TBA,نواف جمال الحبيشي (P),,,,,
CPCS 499 - مشروع تخرج 2,36393,C03,نظري,11:00 PM - 11:50 PM,TRU,TBA,TBA,عادل عبود باحداد (P),عودة إلى السابق,,, ,
CPIT 201 - مقدمة حوسبة,30649,A1,نظري/عملي,10:00 AM - 10:50 AM,TRU,061,145F,منيرة محمد طيلب (P),,,,,
CPIT 201 - مقدمة حوسبة,30663,A10,نظري/عملي,12:00 PM - 12:50 PM,TRU,061,145F,رانيا مسعد الحازمي (P),,,,,
CPIT 201 - مقدمة حوسبة,30651,A2,نظري/عملي,12:00 PM - 12:50 PM,TRU,061,128F,هبه علي البطاطي (P),,,,,
CPIT 201 - مقدمة حوسبة,30652,A3,نظري/عملي,10:00 AM - 10:50 AM,TRU,061,106F,ريم عبدالرحمن السلمي (P),,,,,
CPIT 201 - مقدمة حوسبة,30653,A4,نظري/عملي,10:00 AM - 10:50 AM,TRU,061,119F,هبه علي البطاطي (P),,,,,
CPIT 201 - مقدمة حوسبة,30654,A5,نظري/عملي,9:00 AM - 9:50 AM,TRU,061,106F,رانيا مسعد الحازمي (P),,,,,
CPIT 201 - مقدمة حوسبة,30655,A6,نظري/عملي,9:00 AM - 9:50 AM,TRU,061,145F,ريم عبدالرحمن السلمي (P),,,,,
CPIT 201 - مقدمة حوسبة,30658,A7,نظري/عملي,8:00 AM - 8:50 AM,TRU,061,145F,ريم عبدالرحمن السلمي (P),,,,,
CPIT 201 - مقدمة حوسبة,30662,A9,نظري/عملي,8:00 AM - 8:50 AM,TRU,061,128F,هبه علي البطاطي (P),,,,,
CPIT 201 - مقدمة حوسبة,36500,F1,نظري/عملي,10:00 AM - 10:50 AM,TRU,031 كلية الحاسبات وت.المعلومات,11,فواز عيد الصاعدي (P),,,,,
CPIT 201 - مقدمة حوسبة,36501,F10,نظري/عملي,10:00 AM - 10:50 AM,TRU,031 كلية الحاسبات وت.المعلومات,06,صالح محمد العمري (P),,,,,
CPIT 201 - مقدمة حوسبة,36502,F11,نظري/عملي,3:00 PM - 3:50 PM,TRU,031 كلية الحاسبات وت.المعلومات,17,علي ابوطالب الطالبي (P),,,,,
CPIT 201 - مقدمة حوسبة,36503,F12,نظري/عملي,1:00 PM - 1:50 PM,TRU,031 كلية الحاسبات وت.المعلومات,05,محمود السيد رجب (P),,,,,
CPIT 201 - مقدمة حوسبة,36504,F2,نظري/عملي,9:00 AM - 9:50 AM,TRU,031 كلية الحاسبات وت.المعلومات,05,صالح محمد العمري (P),,,,,
CPIT 201 - مقدمة حوسبة,36505,F3,نظري/عملي,9:30 AM - 10:50 AM,MW,031 كلية الحاسبات وت.المعلومات,05,زكي عايض​ الصبحي (P),,,,,
CPIT 201 - مقدمة حوسبة,36506,F4,نظري/عملي,2:30 PM - 3:50 PM,MW,031 كلية الحاسبات وت.المعلومات,03,نبيل حمد البشري (P),,,,,
CPIT 201 - مقدمة حوسبة,36507,F5,نظري/عملي,2:00 PM - 2:50 PM,TRU,031 كلية الحاسبات وت.المعلومات,05,علي ابوطالب الطالبي (P),,,,,
CPIT 201 - مقدمة حوسبة,36508,F6,نظري/عملي,1:00 PM - 2:20 PM,MW,031 كلية الحاسبات وت.المعلومات,05,زكي عايض​ الصبحي (P),,,,,
CPIT 201 - مقدمة حوسبة,36509,F7,نظري/عملي,11:00 AM - 12:20 PM,MW,031 كلية الحاسبات وت.المعلومات,13,زكي عايض​ الصبحي (P),,,,,
CPIT 201 - مقدمة حوسبة,36510,F8,نظري/عملي,4:00 PM - 5:20 PM,MW,031 كلية الحاسبات وت.المعلومات,05,نبيل حمد البشري (P),,,,,
CPIT 201 - مقدمة حوسبة,36511,F9,نظري/عملي,4:00 PM - 4:50 PM,TRU,031 كلية الحاسبات وت.المعلومات,05,علي ابوطالب الطالبي (P),,,,,
CPIT 201 - مقدمة حوسبة,36512,XA,نظري,9:30 AM - 10:50 AM,MW,125 ( فصول دراسية ميدان قديم),202A,نبيل حمد البشري (P),عودة إلى السابق,,, ,
CPIT 210 - تنظيم وبنيان الحاسب,32443,A1,نظري/عملي,9:00 AM - 9:50 AM,TRU,061,126G,دعاء طلال سناري (P),1:00 PM - 2:20 PM,U,061,131G,دعاء طلال سناري 
CPIT 210 - تنظيم وبنيان الحاسب,32448,A2,نظري/عملي,12:00 PM - 12:50 PM,TRU,061,126G,دعاء طلال سناري (P),8:00 AM - 9:20 AM,U,061,122G,اريج عبدالله باسودان 
CPIT 210 - تنظيم وبنيان الحاسب,32453,A3,نظري/عملي,10:00 AM - 10:50 AM,TRU,061,126G,اريج عبدالله باسودان (P),8:00 AM - 9:20 AM,T,061,122G,اريج عبدالله باسودان 
CPIT 210 - تنظيم وبنيان الحاسب,32456,A4,نظري/عملي,12:00 PM - 12:50 PM,TRU,061,121F,اريج عبدالله باسودان (P),8:00 AM - 9:20 AM,R,061,122G,اريج عبدالله باسودان 
CPIT 210 - تنظيم وبنيان الحاسب,36513,IT1,نظري/عملي,3:00 PM - 3:50 PM,TRU,031 كلية الحاسبات وت.المعلومات,08A,المرشد الوردي الدربالي (P),5:30 PM - 6:50 PM,U,031 كلية الحاسبات وت.المعلومات,15,المرشد الوردي الدربالي 
CPIT 210 - تنظيم وبنيان الحاسب,36514,IT2,نظري/عملي,4:00 PM - 5:20 PM,MW,031 كلية الحاسبات وت.المعلومات,10,مد عبدال حميد (P),7:00 PM - 8:20 PM,T,031 كلية الحاسبات وت.المعلومات,11,مد عبدال حميد 
CPIT 210 - تنظيم وبنيان الحاسب,36515,IT3,نظري/عملي,7:00 PM - 8:20 PM,M,031 كلية الحاسبات وت.المعلومات,01,وجدي محمد الغامدي ,9:00 AM - 9:50 AM,TRU,031 كلية الحاسبات وت.المعلومات,08,وجدي محمد الغامدي (P)
CPIT 210 - تنظيم وبنيان الحاسب,36516,IT4,نظري/عملي,1:00 PM - 2:20 PM,MW,031 كلية الحاسبات وت.المعلومات,15,حسام فريد لحظه (P),5:30 PM - 6:50 PM,M,031 كلية الحاسبات وت.المعلومات,06,حسام فريد لحظه 
CPIT 220 - مبادئ تقنية المعلومات,32465,A1,نظري/عملي,11:00 AM - 12:20 PM,M,061,131G,هند عبدالله حمدي ,10:00 AM - 10:50 AM,TRU,061,121F,رانيا مسعد الحازمي (P)
CPIT 220 - مبادئ تقنية المعلومات,38476,IT1,نظري/عملي,3:00 PM - 3:50 PM,TRU,031 كلية الحاسبات وت.المعلومات,03,احمد عبدالله الزهراني (P),11:00 AM - 12:20 PM,R,031 كلية الحاسبات وت.المعلومات,03,احمد عبدالله الزهراني 
CPIT 220 - مبادئ تقنية المعلومات,36517,IT2,نظري/عملي,9:30 AM - 10:50 AM,MW,471 ( فصول دراسية ميدان جديد),210A,حسان عبدالله الطرازي (P),7:00 PM - 8:20 PM,U,471 ( فصول دراسية ميدان جديد),210A,حسان عبدالله الطرازي 
CPIT 221 - أساليب الكتابة العلمية,30664,A1,نظري/عملي,12:00 PM - 12:50 PM,RU,061,104G,مياده احمدديب المصري (P),,,,,
CPIT 221 - أساليب الكتابة العلمية,30697,A10,نظري/عملي,1:00 PM - 1:50 PM,TU,061,102F,هبه علي البطاطي (P),,,,,
CPIT 221 - أساليب الكتابة العلمية,30666,A2,نظري/عملي,10:00 AM - 10:50 AM,TR,061,104G,منى غطيش الخزاعي (P),,,,,
CPIT 221 - أساليب الكتابة العلمية,30667,A3,نظري/عملي,12:00 PM - 12:50 PM,TU,061,119F,حنان مرزوق العتيبي (P),,,,,
CPIT 221 - أساليب الكتابة العلمية,30668,A4,نظري/عملي,12:00 PM - 12:50 PM,TR,061, ,منى غطيش الخزاعي (P),,,,,
CPIT 221 - أساليب الكتابة العلمية,30670,A5,نظري/عملي,8:00 AM - 8:50 AM,TR,061,104G,عائشه علي عسيري (P),,,,,
CPIT 221 - أساليب الكتابة العلمية,30685,A6,نظري/عملي,8:00 AM - 8:50 AM,TU,061,102F,عبير غازي المكي (P),,,,,
CPIT 221 - أساليب الكتابة العلمية,30689,A7,نظري/عملي,9:00 AM - 9:50 AM,TR,061,147G,منى غطيش الخزاعي (P),,,,,
CPIT 221 - أساليب الكتابة العلمية,30693,A8,نظري/عملي,9:00 AM - 9:50 AM,TU,061,104F,عبير غازي المكي (P),,,,,
CPIT 221 - أساليب الكتابة العلمية,30695,A9,نظري/عملي,9:00 AM - 9:50 AM,RU,061,119F,هبه علي البطاطي (P),,,,,
CPIT 221 - أساليب الكتابة العلمية,36518,F1,نظري/عملي,1:00 PM - 1:50 PM,MW,031 كلية الحاسبات وت.المعلومات,04,رائد عبدالرحمن الاختر (P),,,,,
CPIT 221 - أساليب الكتابة العلمية,36519,F10,نظري/عملي,4:00 PM - 4:50 PM,MW,031 كلية الحاسبات وت.المعلومات,04,طارق جميل خان زاده (P),,,,,
CPIT 221 - أساليب الكتابة العلمية,36520,F11,نظري/عملي,4:00 PM - 4:50 PM,TU,031 كلية الحاسبات وت.المعلومات,04,طارق جميل خان زاده (P),,,,,
CPIT 221 - أساليب الكتابة العلمية,36521,F12,نظري/عملي,2:00 PM - 2:50 PM,TU,031 كلية الحاسبات وت.المعلومات,04,محمد مصطفي منور (P),,,,,
CPIT 221 - أساليب الكتابة العلمية,36522,F2,نظري/عملي,10:00 AM - 10:50 AM,TU,031 كلية الحاسبات وت.المعلومات,04,رائد عبدالله الغامدي (P),,,,,
CPIT 221 - أساليب الكتابة العلمية,36523,F3,نظري/عملي,11:00 AM - 11:50 AM,MW,031 كلية الحاسبات وت.المعلومات,04,طارق محمد احمد (P),,,,,
CPIT 221 - أساليب الكتابة العلمية,36524,F4,نظري/عملي,12:00 PM - 12:50 PM,MW,031 كلية الحاسبات وت.المعلومات,04,مد عبدال حميد (P),,,,,
CPIT 221 - أساليب الكتابة العلمية,36525,F5,نظري/عملي,1:00 PM - 1:50 PM,TU,031 كلية الحاسبات وت.المعلومات,04,رائد عبدالرحمن الاختر (P),,,,,
CPIT 221 - أساليب الكتابة العلمية,36526,F6,نظري/عملي,3:00 PM - 3:50 PM,TU,031 كلية الحاسبات وت.المعلومات,04,رائد عبدالرحمن الاختر (P),,,,,
CPIT 221 - أساليب الكتابة العلمية,36527,F7,نظري/عملي,9:00 AM - 9:50 AM,MW,031 كلية الحاسبات وت.المعلومات,04,فواز عيد الصاعدي (P),,,,,
CPIT 221 - أساليب الكتابة العلمية,36528,F8,نظري/عملي,3:00 PM - 3:50 PM,MW,031 كلية الحاسبات وت.المعلومات, ,TBA,,,,,
CPIT 221 - أساليب الكتابة العلمية,36529,F9,نظري/عملي,10:00 AM - 10:50 AM,MW,031 كلية الحاسبات وت.المعلومات,04,رائد عبدالرحمن الاختر (P),عودة إلى السابق,,, ,
CPIT 240 - قواعد البيانات 1,32469,A2,نظري/عملي,11:00 AM - 12:15 PM,MW,061,105G,بسمه عبدالله الزهراني (P),1:00 PM - 2:20 PM,T,061,135F,بسمه عبدالله الزهراني 
CPIT 240 - قواعد البيانات 1,36530,IT1,نظري/عملي,9:30 AM - 10:50 AM,MW,031 كلية الحاسبات وت.المعلومات,07,ريان عطيه السميري (P),7:00 PM - 8:20 PM,T,471 ( فصول دراسية ميدان جديد),210A,زكي عايض​ الصبحي 
CPIT 240 - قواعد البيانات 1,36531,IT2,نظري/عملي,11:00 AM - 12:20 PM,MW,471 ( فصول دراسية ميدان جديد),305A,ريان عطيه السميري (P),5:30 PM - 6:50 PM,U,031 كلية الحاسبات وت.المعلومات,01,طراد سويرح البلوي 
CPIT 240 - قواعد البيانات 1,38497,IT3,نظري/عملي,2:30 PM - 3:30 PM,MW,031 كلية الحاسبات وت.المعلومات, ,TBA,5:30 PM - 6:50 PM,U,031 كلية الحاسبات وت.المعلومات, ,TBA
CPIT 240 - قواعد البيانات 1,38640,IT4,نظري/عملي,5:30 PM - 6:50 PM,M,031 كلية الحاسبات وت.المعلومات,13,TBA,9:00 AM - 9:50 AM,TRU,031 كلية الحاسبات وت.المعلومات,03,TBA
CPIT 250 - تحليل وتصميم النظم,32481,A3,نظري/عملي,8:00 AM - 8:50 AM,TRU,061,125G,منى غطيش الخزاعي (P),9:30 AM - 10:50 AM,W,061,131G,هند عبدالله حمدي 
CPIT 250 - تحليل وتصميم النظم,36532,IT1,نظري/عملي,2:30 PM - 3:50 PM,MW,031 كلية الحاسبات وت.المعلومات,08A,عوني عبدالهادي سيد (P),5:30 PM - 6:50 PM,W,031 كلية الحاسبات وت.المعلومات,08,عوني عبدالهادي سيد 
CPIT 250 - تحليل وتصميم النظم,36533,IT2,نظري/عملي,1:00 PM - 1:50 PM,TRU,031 كلية الحاسبات وت.المعلومات, ,TBA,5:30 PM - 6:50 PM,W,031 كلية الحاسبات وت.المعلومات, ,TBA
CPIT 250 - تحليل وتصميم النظم,36534,IT3,نظري/عملي,9:30 AM - 10:50 AM,MW,031 كلية الحاسبات وت.المعلومات, ,TBA,7:00 PM - 8:20 PM,R,031 كلية الحاسبات وت.المعلومات, ,TBA
CPIT 251 - هندسة البرمجيات 1,32487,A2,نظري/عملي,9:00 AM - 9:50 AM,TRU,061,125G,تغريد عمر باقيس​ (P),1:00 PM - 2:20 PM,U,061,137G,تغريد عمر باقيس​ 
CPIT 251 - هندسة البرمجيات 1,36535,IT2,نظري/عملي,10:00 AM - 10:50 AM,TRU,031 كلية الحاسبات وت.المعلومات,16,عوني عبدالهادي سيد (P),7:00 PM - 8:20 PM,W,031 كلية الحاسبات وت.المعلومات,12,عوني عبدالهادي سيد 
CPIT 251 - هندسة البرمجيات 1,36536,IT3,نظري/عملي,3:00 PM - 3:50 PM,TRU,031 كلية الحاسبات وت.المعلومات,15,محمد جعفر الحداد (P),5:30 PM - 6:50 PM,T,031 كلية الحاسبات وت.المعلومات,15,محمد جعفر الحداد 
CPIT 252 - نماذج تصميم البرمجيات,32497,A1,نظري/عملي,12:00 PM - 12:50 PM,TRU,061,124F,فاطمه عمر بامشموس​ (P),1:00 PM - 2:20 PM,W,061,107G,هند عبدالله حمدي 
CPIT 252 - نماذج تصميم البرمجيات,32506,A2,نظري/عملي,9:30 AM - 10:50 AM,M,061,138G,هند عبدالله حمدي ,9:00 AM - 9:50 AM,TRU,061,121F,فاطمه عمر بامشموس​ (P)
CPIT 252 - نماذج تصميم البرمجيات,32510,A33,نظري/عملي,8:00 AM - 8:50 AM,TRU,061,126G,فاطمه عمر بامشموس​ (P),11:00 AM - 12:20 PM,W,061,139G,هند عبدالله حمدي 
CPIT 252 - نماذج تصميم البرمجيات,38651,IT1,نظري/عملي,4:00 PM - 5:20 PM,MW,031 كلية الحاسبات وت.المعلومات,16,رضوان جميل محمد (P),11:00 AM - 12:20 PM,R,031 كلية الحاسبات وت.المعلومات,16,رضوان جميل محمد 
CPIT 252 - نماذج تصميم البرمجيات,36537,IT2,نظري/عملي,1:00 PM - 2:20 PM,MW,031 كلية الحاسبات وت.المعلومات,16,خالد احمد الحربي (P),7:00 PM - 8:20 PM,T,031 كلية الحاسبات وت.المعلومات,16,خالد احمد الحربي 
CPIT 252 - نماذج تصميم البرمجيات,38798,IT3,نظري/عملي,10:00 AM - 10:50 AM,TRU,031 كلية الحاسبات وت.المعلومات,17,رضوان جميل محمد (P),7:00 PM - 8:20 PM,W,031 كلية الحاسبات وت.المعلومات,14,رضوان جميل محمد 
CPIT 260 - نظم التشغيل,36538,IT1,نظري/عملي,5:30 PM - 6:50 PM,M,031 كلية الحاسبات وت.المعلومات,01,رضا محمد خليفه ,10:00 AM - 10:50 AM,TRU,031 كلية الحاسبات وت.المعلومات,01,رضا محمد خليفه (P)
CPIT 260 - نظم التشغيل,36539,IT2,نظري/عملي,1:00 PM - 2:20 PM,MW,031 كلية الحاسبات وت.المعلومات,07,TBA,7:00 PM - 8:20 PM,W,031 كلية الحاسبات وت.المعلومات,07,TBA
CPIT 260 - نظم التشغيل,39170,IT3,نظري/عملي,5:30 PM - 6:50 PM,M,031 كلية الحاسبات وت.المعلومات,04,عمر عبدالله باطرفى ,1:00 PM - 1:50 PM,TRU,031 كلية الحاسبات وت.المعلومات,16,رضا محمد خليفه (P)
CPIT 280 - تفاعل الانسان والحاسب,32517,A1,نظري/عملي,12:00 PM - 12:50 PM,TRU,061,125G,عبير غازي المكي (P),1:00 PM - 2:20 PM,R,061,122G,عبير غازي المكي 
CPIT 280 - تفاعل الانسان والحاسب,36540,IT1,نظري/عملي,11:00 AM - 12:20 PM,MW,031 كلية الحاسبات وت.المعلومات,17,رائد عبدالرحمن الاختر (P),5:30 PM - 6:50 PM,R,031 كلية الحاسبات وت.المعلومات,03,رائد عبدالرحمن الاختر 
CPIT 280 - تفاعل الانسان والحاسب,36541,IT2,نظري/عملي,9:00 AM - 9:50 AM,TRU,031 كلية الحاسبات وت.المعلومات,04,محمد زيد بشيري (P),5:30 PM - 6:50 PM,W,031 كلية الحاسبات وت.المعلومات,04,محمد زيد بشيري 
CPIT 280 - تفاعل الانسان والحاسب,36542,IT3,نظري/عملي,2:00 PM - 2:50 PM,TRU,031 كلية الحاسبات وت.المعلومات,06,محمد زيد بشيري (P),7:00 PM - 8:20 PM,T,031 كلية الحاسبات وت.المعلومات,06,محمد زيد بشيري 
CPIT 285 - الرسم بالحاسب,32524,A4,نظري/عملي,1:00 PM - 2:20 PM,M,061,131G,بسمه عبدالله الزهراني ,12:00 PM - 12:50 PM,TRU,061,129G,سعاد احمد باعويضان (P)
CPIT 285 - الرسم بالحاسب,39276,IT1,نظري/عملي,7:00 PM - 8:20 PM,M,031 كلية الحاسبات وت.المعلومات, ,TBA,2:00 PM - 2:50 PM,RU,031 كلية الحاسبات وت.المعلومات, ,TBA
CPIT 285 - الرسم بالحاسب,36543,IT2,نظري/عملي,4:00 PM - 5:20 PM,MW,031 كلية الحاسبات وت.المعلومات,07,TBA,5:30 PM - 6:50 PM,T,031 كلية الحاسبات وت.المعلومات,07,TBA
CPIT 285 - الرسم بالحاسب,39323,IT3,نظري/عملي,3:00 PM - 3:50 PM,TRU,031 كلية الحاسبات وت.المعلومات,09,رائد عبدالله الغامدي (P),7:00 PM - 8:20 PM,T,031 كلية الحاسبات وت.المعلومات,09,رائد عبدالله الغامدي 
CPIT 285 - الرسم بالحاسب,39329,IT4,نظري/عملي,4:00 PM - 4:50 PM,TRU,031 كلية الحاسبات وت.المعلومات,09,رائد عبدالله الغامدي (P),7:00 PM - 8:20 PM,U,031 كلية الحاسبات وت.المعلومات,09,رائد عبدالله الغامدي 
CPIT 305 - برمجة تطبيقية متقدمة,32550,A1,نظري/عملي,1:00 PM - 1:50 PM,TRU,061,126G,هند عبيدالله المصباحي (P),9:30 AM - 10:50 AM,W,061,139G,سماهر صالح الغامدي 
CPIT 305 - برمجة تطبيقية متقدمة,32559,A2,نظري/عملي,2:00 PM - 2:50 PM,TRU,061,126G,هند عبيدالله المصباحي (P),11:00 AM - 12:20 PM,W,061,131G,سماهر صالح الغامدي 
CPIT 305 - برمجة تطبيقية متقدمة,32565,A3,نظري/عملي,1:00 PM - 2:15 PM,MW,061,144F,عبير محمد حكيم (P),11:00 AM - 12:20 PM,R,061,138G,سماهر صالح الغامدي 
CPIT 305 - برمجة تطبيقية متقدمة,32570,A4,نظري/عملي,12:00 PM - 12:50 PM,TRU,061,120F,هند عبيدالله المصباحي (P),1:00 PM - 2:20 PM,R,061,138G,سماهر صالح الغامدي 
CPIT 305 - برمجة تطبيقية متقدمة,39332,IT1,نظري/عملي,9:30 AM - 10:50 AM,MW,031 كلية الحاسبات وت.المعلومات, ,TBA,5:30 PM - 6:50 PM,R,031 كلية الحاسبات وت.المعلومات, ,TBA
CPIT 305 - برمجة تطبيقية متقدمة,36544,IT2,نظري/عملي,3:00 PM - 3:50 PM,TRU,031 كلية الحاسبات وت.المعلومات,06,ريان هشام موصلي (P),7:00 PM - 8:20 PM,R,031 كلية الحاسبات وت.المعلومات,01,ريان هشام موصلي 
CPIT 305 - برمجة تطبيقية متقدمة,39335,IT3,نظري/عملي,11:00 AM - 12:20 PM,MW,031 كلية الحاسبات وت.المعلومات,03,بدرالدين عدنان التركي (P),7:00 PM - 8:20 PM,R,031 كلية الحاسبات وت.المعلومات,04,بدرالدين عدنان التركي 
CPIT 305 - برمجة تطبيقية متقدمة,39337,IT4,نظري/عملي,1:00 PM - 2:20 PM,MW,031 كلية الحاسبات وت.المعلومات,17,بدرالدين عدنان التركي (P),3:00 PM - 4:20 PM,R,031 كلية الحاسبات وت.المعلومات,04,بدرالدين عدنان التركي 
CPIT 330 - تقنية المعلومات والادارة,32638,A1,نظري/عملي,1:00 PM - 2:20 PM,M,061,130G,صالحه حسن البحيري ,9:00 AM - 9:50 AM,TRU,061,120F,حنان مرزوق العتيبي (P)
CPIT 330 - تقنية المعلومات والادارة,32642,A2,نظري/عملي,2:30 PM - 3:50 PM,M,061,130G,صالحه حسن البحيري ,8:00 AM - 8:50 AM,TRU,061,144F,حنان مرزوق العتيبي (P)
CPIT 330 - تقنية المعلومات والادارة,32645,A3,نظري/عملي,10:00 AM - 10:50 AM,TRU,061,102F,حنان مرزوق العتيبي (P),1:00 PM - 2:20 PM,T,061,146G,ساره عبدالعزيز نصيف 
CPIT 330 - تقنية المعلومات والادارة,32650,A4,نظري/عملي,1:00 PM - 2:15 PM,MW,061,126G,نور عمر باجنيد (P),1:00 PM - 2:20 PM,U,061,146G,ساره عبدالعزيز نصيف 
CPIT 330 - تقنية المعلومات والادارة,36545,IT1,نظري/عملي,9:30 AM - 10:50 AM,MW,031 كلية الحاسبات وت.المعلومات,16,عادل عمر خديدوس​ (P),7:00 PM - 8:20 PM,U,031 كلية الحاسبات وت.المعلومات,16,عادل عمر خديدوس​ 
CPIT 330 - تقنية المعلومات والادارة,36546,IT2,نظري/عملي,5:30 PM - 6:50 PM,M,031 كلية الحاسبات وت.المعلومات,03,حسان عبدالله الطرازي ,2:00 PM - 2:50 PM,TRU,031 كلية الحاسبات وت.المعلومات,03,حسان عبدالله الطرازي (P)
CPIT 340 - قواعد بيانات 2,32655,A1,نظري/عملي,8:00 AM - 9:15 AM,MW,061,104G,بيان بديع الكتبي (P),1:00 PM - 2:20 PM,R,061,135F,بسمه عبدالله الزهراني 
CPIT 340 - قواعد بيانات 2,32723,A5,نظري/عملي,8:00 AM - 8:50 AM,TRU,061,124F,بيان بديع الكتبي (P),2:30 PM - 3:50 PM,W,061,135F,بسمه عبدالله الزهراني 
CPIT 340 - قواعد بيانات 2,36547,IT1,نظري/عملي,4:00 PM - 4:50 PM,TRU,125 ( فصول دراسية ميدان قديم),102A,معتصم محمد جراح (P),5:30 PM - 6:50 PM,T,031 كلية الحاسبات وت.المعلومات,13,معتصم محمد جراح 
CPIT 340 - قواعد بيانات 2,39345,IT2,نظري/عملي,4:00 PM - 5:20 PM,MW,TBA,TBA,TBA,7:00 PM - 8:20 PM,T,TBA,TBA,TBA
CPIT 345 - ادارة قواعد البيانات,33509,A4,نظري/عملي,9:30 AM - 10:45 AM,MW,061,125G,بيان بديع الكتبي (P),1:00 PM - 2:20 PM,U,061,135F,بيان بديع الكتبي 
CPIT 345 - ادارة قواعد البيانات,32739,A6,نظري/عملي,10:00 AM - 10:50 AM,TRU,061,147G,بيان بديع الكتبي (P),1:00 PM - 2:20 PM,W,061,135F,منى عزت ابوغزالة 
CPIT 345 - ادارة قواعد البيانات,32752,A7,نظري/عملي,11:00 AM - 12:15 PM,MW,061,126G,بيان بديع الكتبي (P),9:30 AM - 10:50 AM,W,061,135F,منى عزت ابوغزالة 
CPIT 345 - ادارة قواعد البيانات,36548,IT1,نظري/عملي,1:00 PM - 1:50 PM,TRU,031 كلية الحاسبات وت.المعلومات,15,احمد عبدالله الزهراني (P),7:00 PM - 8:20 PM,W,031 كلية الحاسبات وت.المعلومات,16,احمد عبدالله الزهراني 
CPIT 345 - ادارة قواعد البيانات,36549,IT2,نظري/عملي,1:00 PM - 2:20 PM,MW,031 كلية الحاسبات وت.المعلومات,13,طارق محمد احمد (P),7:00 PM - 8:20 PM,R,031 كلية الحاسبات وت.المعلومات,13,طارق محمد احمد 
CPIT 370 - شبكات الحاسب,32759,A1,نظري/عملي,9:30 AM - 10:45 AM,MW,061,129G,عبير محمد حكيم (P),1:00 PM - 2:20 PM,T,061,136F,ايمان سفر الزهراني 
CPIT 370 - شبكات الحاسب,36550,IT1,نظري/عملي,4:00 PM - 4:50 PM,TRU,125 ( فصول دراسية ميدان قديم),103A,فؤاد غشيم باجابر (P),11:00 AM - 12:20 PM,U,471 ( فصول دراسية ميدان جديد),203A,فؤاد غشيم باجابر 
CPIT 370 - شبكات الحاسب,36551,IT3,نظري/عملي,11:00 AM - 12:20 PM,MW,031 كلية الحاسبات وت.المعلومات,05,عبدالرحمن هلال الطلحي (P),7:00 PM - 8:20 PM,U,031 كلية الحاسبات وت.المعلومات,04,طراد سويرح البلوي 
CPIT 375 - تصميم وتقييم شبكات البيانات,36552,IT1,نظري/عملي,4:00 PM - 4:50 PM,TRU,031 كلية الحاسبات وت.المعلومات,15,المرشد الوردي الدربالي (P),7:00 PM - 8:20 PM,T,031 كلية الحاسبات وت.المعلومات,14,المرشد الوردي الدربالي 
CPIT 380 - تقنية الوسائط المتعددة,32769,A4,نظري/عملي,11:00 AM - 12:20 PM,M,061,130G,سماهر صالح الغامدي ,10:00 AM - 10:50 AM,TRU,061,144F,دعاء طلال سناري (P)
CPIT 380 - تقنية الوسائط المتعددة,36553,IT1,نظري/عملي,1:00 PM - 1:50 PM,TRU,031 كلية الحاسبات وت.المعلومات,09,الحسنين محمد البرهمتوشى (P),11:00 AM - 12:20 PM,U,031 كلية الحاسبات وت.المعلومات,04,الحسنين محمد البرهمتوشى 
CPIT 380 - تقنية الوسائط المتعددة,36554,IT2,نظري/عملي,4:00 PM - 5:20 PM,MW,031 كلية الحاسبات وت.المعلومات,08A,صايم رشيد احمد (P),5:30 PM - 6:50 PM,U,031 كلية الحاسبات وت.المعلومات,13,صايم رشيد احمد 
CPIT 405 - تطبيقات الشبكة البينية,32772,A1,نظري/عملي,11:00 AM - 12:15 PM,MW,061,121F,وفاء عدنان السقاف (P),9:30 AM - 10:50 AM,M,061,137G,هدى عمر بانقيطه 
CPIT 405 - تطبيقات الشبكة البينية,32776,A2,نظري/عملي,11:00 AM - 12:20 PM,M,061,137G,هدى عمر بانقيطه ,9:00 AM - 9:50 AM,TRU,061,124G,منال سرحان بايوسف (P)
CPIT 405 - تطبيقات الشبكة البينية,32790,A5,نظري/عملي,1:00 PM - 2:20 PM,M,061,137G,هند عبدالله حمدي ,9:00 AM - 9:50 AM,TRU,061,144F,سعاد احمد باعويضان (P)
CPIT 405 - تطبيقات الشبكة البينية,32804,A66,نظري/عملي,8:00 AM - 9:20 AM,M,061,137G,هند عبدالله حمدي ,8:00 AM - 8:50 AM,TRU,061,121F,سعاد احمد باعويضان (P)
CPIT 405 - تطبيقات الشبكة البينية,36555,IT1,نظري/عملي,3:00 PM - 3:50 PM,TRU,081,106A,محمود السيد رجب (P),11:00 AM - 12:20 PM,U,031 كلية الحاسبات وت.المعلومات,05,محمود السيد رجب 
CPIT 405 - تطبيقات الشبكة البينية,36556,IT2,نظري/عملي,9:30 AM - 10:50 AM,MW,125 ( فصول دراسية ميدان قديم),212A,خالد احمد الحربي (P),7:00 PM - 8:20 PM,U,031 كلية الحاسبات وت.المعلومات,05,خالد احمد الحربي 
CPIT 425 - أمن معلومات,33493,A1,نظري/عملي,11:00 AM - 12:15 PM,MW,061,106F,سهير ظافر الشهري (P),8:00 AM - 9:20 AM,M,061,146G,بسمه عبدالله الزهراني 
CPIT 425 - أمن معلومات,33497,A2,نظري/عملي,10:00 AM - 10:50 AM,TRU,061,129G,عائشه علي عسيري (P),9:30 AM - 10:50 AM,W,061,138G,بسمه عبدالله الزهراني 
CPIT 425 - أمن معلومات,33496,A3,نظري/عملي,9:30 AM - 10:50 AM,M,061,139G,بسمه عبدالله الزهراني ,9:00 AM - 9:50 AM,TRU,061,129G,عائشه علي عسيري (P)
CPIT 425 - أمن معلومات,33495,A4,نظري/عملي,12:00 PM - 12:50 PM,TRU,061,144F,عائشه علي عسيري (P),1:00 PM - 2:20 PM,W,061,137G,بسمه عبدالله الزهراني 
CPIT 425 - أمن معلومات,39360,IT1,نظري/عملي,2:30 PM - 3:50 PM,MW,031 كلية الحاسبات وت.المعلومات,06,عادل محمد احمد (P),7:00 PM - 8:20 PM,T,031 كلية الحاسبات وت.المعلومات,08,عادل محمد احمد 
CPIT 425 - أمن معلومات,36557,IT2,نظري/عملي,10:00 AM - 10:50 AM,TRU,TBA,TBA,TBA,11:00 AM - 12:20 PM,R,TBA,TBA,TBA
CPIT 435 - تقييم الاحتياجات والتكنولوجيا,33498,A1,نظري/عملي,1:00 PM - 2:40 PM,T,061,121F,وفاء عدنان السقاف (P),9:30 AM - 10:50 AM,U,061,136F,ساره عبدالعزيز نصيف 
CPIT 435 - تقييم الاحتياجات والتكنولوجيا,36558,IT1,نظري/عملي,9:30 AM - 10:20 AM,MW,031 كلية الحاسبات وت.المعلومات,09,حسام فريد لحظه (P),2:00 PM - 2:50 PM,R,031 كلية الحاسبات وت.المعلومات,04,حسام فريد لحظه 
CPIT 435 - تقييم الاحتياجات والتكنولوجيا,36559,IT2,نظري/عملي,1:00 PM - 1:50 PM,TU,031 كلية الحاسبات وت.المعلومات,10,زكي عايض​ الصبحي (P),1:00 PM - 1:50 PM,R,031 كلية الحاسبات وت.المعلومات,04,زكي عايض​ الصبحي 
CPIT 440 - مستودعات البيانات والتنقيب,33500,A1,نظري/عملي,8:00 AM - 9:15 AM,MW,061,121F,منال معتوق كلكتاوي (P),11:00 AM - 12:20 PM,W,061,138G,منال معتوق كلكتاوي 
CPIT 440 - مستودعات البيانات والتنقيب,33499,A2,نظري/عملي,1:00 PM - 2:15 PM,MW,061,129G,منال معتوق كلكتاوي (P),1:00 PM - 2:20 PM,U,061,138G,سماهر صالح الغامدي 
CPIT 440 - مستودعات البيانات والتنقيب,36560,IT1,نظري/عملي,10:00 AM - 10:50 AM,TRU,081,106A,وجدي محمد الغامدي (P),7:00 PM - 8:20 PM,W,081,102A,وجدي محمد الغامدي 
CPIT 440 - مستودعات البيانات والتنقيب,39366,IT2,نظري/عملي,10:00 AM - 10:50 AM,TRU,031 كلية الحاسبات وت.المعلومات,03,معتصم محمد جراح (P),7:00 PM - 8:20 PM,W,031 كلية الحاسبات وت.المعلومات,03,معتصم محمد جراح 
CPIT 455 - هندسة البرمجيات 2,33501,A3,نظري/عملي,8:00 AM - 8:50 AM,TRU,061,125F,منيرة محمد طيلب (P),1:00 PM - 2:20 PM,U,061,139G,منيرة محمد طيلب 
CPIT 455 - هندسة البرمجيات 2,36561,IT1,نظري/عملي,1:00 PM - 2:20 PM,MW,031 كلية الحاسبات وت.المعلومات,01,سامي محمد حلواني (P),عودة إلى السابق,,, ,
CPIT 456 - اقتصاديات البرمجيات,33492,A4,نظري/عملي,10:00 AM - 10:50 AM,TRU,061,125G,شرين رشيد سيف الدين (P),8:00 AM - 9:20 AM,W,061,131G,ساره عبدالعزيز نصيف 
CPIT 456 - اقتصاديات البرمجيات,33491,A9,نظري/عملي,12:00 PM - 12:50 PM,TRU,061,106G,شرين رشيد سيف الدين (P),1:00 PM - 2:20 PM,R,061,107G,ساره عبدالعزيز نصيف 
CPIT 456 - اقتصاديات البرمجيات,36562,IT1,نظري/عملي,10:00 AM - 10:50 AM,TRU,031 كلية الحاسبات وت.المعلومات,07,TBA,5:30 PM - 6:50 PM,W,031 كلية الحاسبات وت.المعلومات,07,TBA
CPIT 470 - ادارة الشبكات,33370,A1,نظري/عملي,12:00 PM - 12:50 PM,TRU,061,147G,عفراء زهير عطيه (P),9:30 AM - 10:50 AM,W,061,136F,ايمان سفر الزهراني 
CPIT 470 - ادارة الشبكات,33433,A2,نظري/عملي,9:00 AM - 9:50 AM,TRU,061,104G,عفراء زهير عطيه (P),8:00 AM - 9:20 AM,W,061,136F,ايمان سفر الزهراني 
CPIT 470 - ادارة الشبكات,33432,A3,نظري/عملي,9:30 AM - 10:50 AM,M,061,136F,ايمان سفر الزهراني ,12:00 PM - 12:50 PM,TRU,061,104F,ليندا فارس محيسن (P)
CPIT 470 - ادارة الشبكات,33430,A4,نظري/عملي,8:00 AM - 9:20 AM,M,061,136F,ايمان سفر الزهراني ,8:00 AM - 8:50 AM,TRU,061,120F,ليندا فارس محيسن (P)
CPIT 470 - ادارة الشبكات,36563,IT1,نظري/عملي,9:00 AM - 9:50 AM,TRU,081,102A,فواز عيد الصاعدي (P),11:00 AM - 12:20 PM,R,031 كلية الحاسبات وت.المعلومات,04,فواز عيد الصاعدي 
CPIT 470 - ادارة الشبكات,36564,IT2,نظري/عملي,4:00 PM - 5:20 PM,MW,031 كلية الحاسبات وت.المعلومات,15,TBA,5:30 PM - 6:50 PM,M,031 كلية الحاسبات وت.المعلومات,15,TBA
CPIT 475 - شبكات البيانات اللاسلكية,36565,IT1,نظري/عملي,9:00 AM - 9:50 AM,TRU,081,103A,عادل محمد احمد (P),7:00 PM - 8:20 PM,W,031 كلية الحاسبات وت.المعلومات,05,عادل محمد احمد 
CPIT 490 - مواضيع مختارة في تقنية المعلوم,36566,IT,نظري/عملي,11:00 AM - 12:20 PM,MW,031 كلية الحاسبات وت.المعلومات,11,عادل عمر خديدوس​ (P),7:00 PM - 8:20 PM,T,031 كلية الحاسبات وت.المعلومات,01,عادل عمر خديدوس​ 
CPIT 498 - مشروع تخرج 1,48272,1,نظري,11:00 PM - 11:50 PM,TRU,TBA,TBA,ايمان سفر الزهراني (P),,,,,
CPIT 498 - مشروع تخرج 1,48283,10,نظري,11:00 PM - 11:50 PM,TRU,TBA,TBA,تغريد عمر باقيس​ (P),,,,,
CPIT 498 - مشروع تخرج 1,48284,11,نظري,11:00 PM - 11:50 PM,TRU,TBA,TBA,عبير محمد حكيم (P),,,,,
CPIT 498 - مشروع تخرج 1,48285,12,نظري,11:00 PM - 11:50 PM,TRU,TBA,TBA,فاطمه عمر بامشموس​ (P),,,,,
CPIT 498 - مشروع تخرج 1,48287,13,نظري,11:00 PM - 11:50 PM,TRU,TBA,TBA,عائشه علي عسيري (P),,,,,
CPIT 498 - مشروع تخرج 1,48289,14,نظري,11:00 PM - 11:50 PM,TRU,TBA,TBA,سماهر صالح الغامدي (P),,,,,
CPIT 498 - مشروع تخرج 1,48291,15,نظري,11:00 PM - 11:50 PM,TRU,TBA,TBA,نور عمر باجنيد (P),,,,,
CPIT 498 - مشروع تخرج 1,48274,2,نظري,11:00 PM - 11:50 PM,TRU,TBA,TBA,ليندا فارس محيسن (P),,,,,
CPIT 498 - مشروع تخرج 1,48275,3,نظري,11:00 PM - 11:50 PM,TRU,TBA,TBA,منى غطيش الخزاعي (P),,,,,
CPIT 498 - مشروع تخرج 1,48276,4,نظري,11:00 PM - 11:50 PM,TRU,TBA,TBA,عبير غازي المكي (P),,,,,
CPIT 498 - مشروع تخرج 1,48277,5,نظري,11:00 PM - 11:50 PM,TRU,TBA,TBA,رانيا مسعد الحازمي (P),,,,,
CPIT 498 - مشروع تخرج 1,48279,6,نظري,11:00 PM - 11:50 PM,TRU,TBA,TBA,عفراء زهير عطيه (P),,,,,
CPIT 498 - مشروع تخرج 1,48280,7,نظري,11:00 PM - 11:50 PM,TRU,TBA,TBA,منال سرحان بايوسف (P),,,,,
CPIT 498 - مشروع تخرج 1,48281,8,نظري,11:00 PM - 11:50 PM,TRU,TBA,TBA,مياده احمدديب المصري (P),,,,,
CPIT 498 - مشروع تخرج 1,48282,9,نظري,11:00 PM - 11:50 PM,TRU,TBA,TBA,سعاد احمد باعويضان (P),,,,,
CPIT 498 - مشروع تخرج 1,32850,A1,نظري,8:00 PM - 8:50 PM,TRU,TBA,TBA,ميسون فؤاد ابوالخير (P),,,,,
CPIT 498 - مشروع تخرج 1,32860,A1,نظري,8:00 PM - 8:50 PM,TRU,TBA,TBA,ريم متعب العتيبي (P),,,,,
CPIT 498 - مشروع تخرج 1,32865,A1,نظري,8:00 PM - 8:50 PM,TRU,TBA,TBA,وفاء عدنان السقاف (P),,,,,
CPIT 498 - مشروع تخرج 1,32871,A1,نظري,8:00 PM - 8:50 PM,TRU,TBA,TBA,منيرة محمد طيلب (P),,,,,
CPIT 498 - مشروع تخرج 1,32874,A1,نظري,8:20 PM - 8:50 PM,TRU,TBA,TBA,دعاء طلال سناري (P),,,,,
CPIT 498 - مشروع تخرج 1,32876,A1,نظري,8:00 PM - 8:50 PM,TRU,TBA,TBA,هند عبيدالله المصباحي (P),,,,,
CPIT 498 - مشروع تخرج 1,32877,A1,نظري,8:00 PM - 8:50 PM,TRU,TBA,TBA,ايناس​ فوزي خيرالله (P),,,,,
CPIT 498 - مشروع تخرج 1,36567,T01,نظري,7:00 AM - 7:50 AM,TRU,TBA,TBA,فارس انور كاتب (P),,,,,
CPIT 498 - مشروع تخرج 1,36568,T02,نظري,8:00 AM - 8:50 AM,TRU,TBA,TBA,مديني عبيد العسافي (P),,,,,
CPIT 498 - مشروع تخرج 1,36569,T03,نظري,9:00 PM - 9:50 PM,TRU,TBA,TBA,فواز عيد الصاعدي (P),,,,,
CPIT 498 - مشروع تخرج 1,36570,T04,نظري,10:00 PM - 10:50 PM,TRU,TBA,TBA,عبدالرحمن هلال الطلحي (P),,,,,
CPIT 498 - مشروع تخرج 1,36571,T05,نظري,11:00 PM - 11:50 PM,TRU,TBA,TBA,وجدي محمد الغامدي (P),,,,,
CPIT 498 - مشروع تخرج 1,36572,T06,نظري,7:00 AM - 7:50 AM,TRU,TBA,TBA,معتصم محمد جراح (P),,,,,
CPIT 498 - مشروع تخرج 1,36573,T07,نظري,8:00 AM - 8:50 AM,TRU,TBA,TBA,زكي عايض​ الصبحي (P),,,,,
CPIT 498 - مشروع تخرج 1,36574,T08,نظري,9:00 PM - 9:50 PM,TRU,TBA,TBA,المرشد الوردي الدربالي (P),,,,,
CPIT 498 - مشروع تخرج 1,36575,T09,نظري,10:00 PM - 10:50 PM,TRU,TBA,TBA,هاني حلمي سندي (P),,,,,
CPIT 498 - مشروع تخرج 1,36576,T10,نظري,11:00 PM - 11:50 PM,TRU,TBA,TBA,عادل عمر خديدوس​ (P),,,,,
CPIT 498 - مشروع تخرج 1,36577,T11,نظري,7:00 AM - 7:50 AM,TRU,TBA,TBA,بندر محمد الغامدي (P),,,,,
CPIT 498 - مشروع تخرج 1,36578,T12,نظري,8:00 AM - 8:50 AM,TRU,TBA,TBA,احمد عبدالله الزهراني (P),,,,,
CPIT 498 - مشروع تخرج 1,36579,T13,نظري,9:00 PM - 9:50 PM,TRU,TBA,TBA,حسان عبدالله الطرازي (P),,,,,
CPIT 498 - مشروع تخرج 1,36580,T14,نظري,10:00 PM - 10:50 PM,TRU,TBA,TBA,محمد جعفر الحداد (P),,,,,
CPIT 498 - مشروع تخرج 1,36581,T15,نظري,11:00 PM - 11:50 PM,TRU,TBA,TBA,سامي محمد حلواني (P),,,,,
CPIT 498 - مشروع تخرج 1,36582,T16,نظري,7:00 AM - 7:50 AM,TRU,TBA,TBA,حسام فريد لحظه (P),,,,,
CPIT 498 - مشروع تخرج 1,36583,T17,نظري,8:00 AM - 8:50 AM,TRU,TBA,TBA,"محمد زيد بشيري (P), عبدالرحمن هلال الطلحي ",,,,,
CPIT 498 - مشروع تخرج 1,36584,T18,نظري,9:00 PM - 9:50 PM,TRU,TBA,TBA,نبيل حمد البشري (P),,,,,
CPIT 498 - مشروع تخرج 1,36585,T19,نظري,10:00 PM - 10:50 PM,TRU,TBA,TBA,"مد عبدال حميد (P), عمر عبدالله باطرفى ",,,,,
CPIT 498 - مشروع تخرج 1,36586,T20,نظري,11:00 PM - 11:50 PM,TRU,TBA,TBA,ريان عطيه السميري (P),,,,,
CPIT 498 - مشروع تخرج 1,36587,T21,نظري,7:00 AM - 7:50 AM,TRU,TBA,TBA,"طارق محمد احمد (P), صالح محمد العمري ",,,,,
CPIT 498 - مشروع تخرج 1,36588,T22,نظري,8:00 AM - 8:50 AM,TRU,TBA,TBA,عوني عبدالهادي سيد (P),,,,,
CPIT 498 - مشروع تخرج 1,36589,T23,نظري,9:00 PM - 9:50 PM,TRU,TBA,TBA,خالد احمد الحربي (P),,,,,
CPIT 498 - مشروع تخرج 1,36590,T24,نظري,10:00 PM - 10:50 PM,TRU,TBA,TBA,علي ابوطالب الطالبي (P),,,,,
CPIT 498 - مشروع تخرج 1,36591,T25,نظري,11:00 PM - 11:50 PM,TRU,TBA,TBA,ماجد احمد سحيم (P),,,,,
CPIT 498 - مشروع تخرج 1,36592,T26,نظري,7:00 AM - 7:50 AM,TRU,TBA,TBA,محمد مصطفي منور (P),,,,,
CPIT 498 - مشروع تخرج 1,36593,T27,نظري,8:00 AM - 8:50 AM,TRU,TBA,TBA,"صايم رشيد احمد (P), ماجد احمد سحيم ",,,,,
CPIT 498 - مشروع تخرج 1,36594,T28,نظري,10:00 PM - 10:50 PM,TRU,TBA,TBA,ريان هشام موصلي (P),,,,,
CPIT 498 - مشروع تخرج 1,36595,T29,نظري,10:00 PM - 10:50 PM,TRU,TBA,TBA,نبيل حمد البشري (P),,,,,
CPIT 498 - مشروع تخرج 1,36596,T30,نظري,11:00 PM - 11:50 PM,TRU,TBA,TBA,بدرالدين عدنان التركي (P),,,,,
CPIT 498 - مشروع تخرج 1,36597,T31,نظري,7:00 AM - 7:50 AM,TRU,TBA,TBA,ماجد احمد سحيم (P),,,,,
CPIT 498 - مشروع تخرج 1,36598,T32,نظري,8:00 AM - 8:50 AM,TRU,TBA,TBA,رائد عبدالرحمن الاختر (P),,,,,
CPIT 498 - مشروع تخرج 1,36599,T33,نظري,9:00 PM - 9:50 PM,TRU,TBA,TBA,رائد عبدالله الغامدي (P),,,,,
CPIT 498 - مشروع تخرج 1,36600,T34,نظري,10:00 PM - 10:50 PM,TRU,TBA,TBA,عادل محمد احمد (P),,,,,
CPIT 498 - مشروع تخرج 1,36601,T35,نظري,11:00 PM - 11:50 PM,TRU,TBA,TBA,عبدالرحمن هلال الطلحي (P),,,,,
CPIT 498 - مشروع تخرج 1,36602,T36,نظري,7:00 AM - 7:50 AM,TRU,TBA,TBA,ناصر نماس​ البقمى (P),,,,,
CPIT 498 - مشروع تخرج 1,36603,T37,نظري,8:00 AM - 8:50 AM,TRU,TBA,TBA,خالد احمد الحربي (P),,,,,
CPIT 498 - مشروع تخرج 1,36604,T38,نظري,9:00 PM - 9:50 PM,TRU,TBA,TBA,عمر عبدالله باطرفى (P),,,,,
CPIT 498 - مشروع تخرج 1,36605,T39,نظري,10:00 PM - 10:50 PM,TRU,TBA,TBA,احمد مدنى صبان (P),,,,,
CPIT 498 - مشروع تخرج 1,36606,T40,نظري,11:00 PM - 11:50 PM,TRU,TBA,TBA,ريان هشام موصلي (P),,,,,
CPIT 498 - مشروع تخرج 1,36607,T41,نظري,7:00 AM - 7:50 AM,TRU,TBA,TBA,ريان عطيه السميري (P),,,,,
CPIT 498 - مشروع تخرج 1,36608,T42,نظري,8:00 AM - 8:50 AM,TRU,TBA,TBA,TBA,,,,,
CPIT 498 - مشروع تخرج 1,36609,T43,نظري,9:00 PM - 9:50 PM,TRU,TBA,TBA,حسام فريد لحظه (P),,,,,
CPIT 498 - مشروع تخرج 1,36610,T44,نظري,10:00 PM - 10:50 PM,TRU,TBA,TBA,TBA,,,,,
CPIT 498 - مشروع تخرج 1,36611,T45,نظري,11:00 PM - 11:50 PM,TRU,TBA,TBA,TBA,,,,,
CPIT 498 - مشروع تخرج 1,36612,T46,نظري,7:00 AM - 7:50 AM,TRU,TBA,TBA,TBA,,,,,
CPIT 498 - مشروع تخرج 1,36613,T47,نظري,8:00 AM - 8:50 AM,TRU,TBA,TBA,TBA,,,,,
CPIT 498 - مشروع تخرج 1,36614,T48,نظري,9:00 PM - 9:50 PM,TRU,TBA,TBA,TBA,,,,,
CPIT 498 - مشروع تخرج 1,36615,T49,نظري,10:00 PM - 10:50 PM,TRU,TBA,TBA,TBA,,,,,
CPIT 498 - مشروع تخرج 1,36616,T50,نظري,11:00 PM - 11:50 PM,TRU,TBA,TBA,TBA,,,,,
CPIT 498 - مشروع تخرج 1,36617,T51,نظري,8:00 AM - 8:50 AM,TRU,TBA,TBA,TBA,عودة إلى السابق,,, ,
CPIT 499 - مشروع تخرج 2,32895,A1,نظري,9:00 PM - 9:50 PM,TRU,TBA,TBA,سهير ظافر الشهري (P),,,,,
CPIT 499 - مشروع تخرج 2,32918,A1,نظري,8:00 PM - 8:50 PM,TRU,TBA,TBA,شرين رشيد سيف الدين (P),,,,,
CPIT 499 - مشروع تخرج 2,32922,A1,نظري,9:00 PM - 9:50 PM,TRU,TBA,TBA,حنان مرزوق العتيبي (P),,,,,
CPIT 499 - مشروع تخرج 2,32930,A1,نظري,9:00 PM - 9:50 PM,TRU,TBA,TBA,منال معتوق كلكتاوي (P),,,,,
CPIT 499 - مشروع تخرج 2,32934,A1,نظري,9:00 PM - 9:50 PM,TRU,TBA,TBA,هبه علي البطاطي (P),,,,,
CPIT 499 - مشروع تخرج 2,32937,A1,نظري,8:00 PM - 8:50 PM,TRU,TBA,TBA,"سهير ظافر الشهري (P), نور عمر باجنيد ",,,,,
CPIT 499 - مشروع تخرج 2,32947,A1,نظري,9:00 PM - 9:50 PM,TRU,TBA,TBA,"شرين رشيد سيف الدين (P), منى غطيش الخزاعي ",,,,,
CPIT 499 - مشروع تخرج 2,36618,T01,نظري,7:00 AM - 7:50 AM,TRU,TBA,TBA,وجدي محمد الغامدي (P),,,,,
CPIT 499 - مشروع تخرج 2,36619,T03,نظري,9:00 PM - 9:50 PM,TRU,TBA,TBA,مديني عبيد العسافي (P),عودة إلى السابق,,, ,
CPIS 210 - تنظيم وبنيان الحاسب,32380,A1,نظري/عملي,1:00 PM - 1:50 PM,TRU,061,148G,امينه حسن قملو (P),9:30 AM - 10:50 AM,W,061,146G,هاجر هليل الجهني 
CPIS 210 - تنظيم وبنيان الحاسب,32381,A2,نظري/عملي,12:00 PM - 12:50 PM,TRU,061,148G,امينه حسن قملو (P),8:00 AM - 9:20 AM,W,061,146G,هاجر هليل الجهني 
CPIS 210 - تنظيم وبنيان الحاسب,32382,A3,نظري/عملي,8:00 AM - 9:15 AM,MW,061,148G,اروى محمود ولي (P),11:00 AM - 12:20 PM,W,061,146G,هاجر هليل الجهني 
CPIS 210 - تنظيم وبنيان الحاسب,36394,IS1,نظري/عملي,7:00 PM - 8:20 PM,M,031 كلية الحاسبات وت.المعلومات,03,معاذ عبدالله الغامدي ,9:00 AM - 9:50 AM,TRU,031 كلية الحاسبات وت.المعلومات,01,توفيق زهير حسنين (P)
CPIS 210 - تنظيم وبنيان الحاسب,36395,IS2,نظري/عملي,11:00 AM - 12:20 PM,MW,031 كلية الحاسبات وت.المعلومات,08A,يوسف سعيد السناني (P),5:30 PM - 6:50 PM,R,031 كلية الحاسبات وت.المعلومات,09,معاذ عبدالله الغامدي 
CPIS 210 - تنظيم وبنيان الحاسب,36396,IS3,نظري/عملي,2:30 PM - 3:50 PM,MW,031 كلية الحاسبات وت.المعلومات,13,يوسف سعيد السناني (P),5:30 PM - 6:50 PM,W,031 كلية الحاسبات وت.المعلومات,16,معاذ عبدالله الغامدي 
CPIS 210 - تنظيم وبنيان الحاسب,36397,IS4,نظري/عملي,3:00 PM - 3:50 PM,TRU,031 كلية الحاسبات وت.المعلومات,16,فرخ نديم عبداللطيف (P),5:30 PM - 6:50 PM,U,031 كلية الحاسبات وت.المعلومات,16,معاذ عبدالله الغامدي 
CPIS 220 - مبادئ نظم المعلومات,32392,B1,نظري/عملي,8:00 AM - 9:20 AM,M,061,123G,عبير بشير زمو ,10:00 AM - 10:50 AM,TRU,061,148G,هناء علي المغربي (P)
CPIS 220 - مبادئ نظم المعلومات,32393,B2,نظري/عملي,11:00 AM - 12:20 PM,M,061,139G,عبير بشير زمو ,12:00 PM - 12:50 PM,TRU,061,149G,دانيه مسفر الجعيد (P)
CPIS 220 - مبادئ نظم المعلومات,36398,IS1,نظري/عملي,4:00 PM - 5:20 PM,MW,031 كلية الحاسبات وت.المعلومات,09,احمد مصطفى بلفقيه (P),7:00 PM - 8:20 PM,U,031 كلية الحاسبات وت.المعلومات,08,معاذ عبدالله الغامدي 
CPIS 220 - مبادئ نظم المعلومات,36399,IS2,نظري/عملي,9:30 AM - 10:50 AM,MW,031 كلية الحاسبات وت.المعلومات,13,عدنان مصطفى البار (P),5:30 PM - 6:50 PM,R,031 كلية الحاسبات وت.المعلومات,15,عدنان مصطفى البار 
CPIS 220 - مبادئ نظم المعلومات,36400,IS4,نظري/عملي,11:00 AM - 12:20 PM,MW,031 كلية الحاسبات وت.المعلومات,16,احمد مصطفى بلفقيه (P),11:00 AM - 12:20 PM,R,031 كلية الحاسبات وت.المعلومات,15,معاذ عبدالله الغامدي 
CPIS 222 - مبادىءنظم التشغيل,32394,A1,نظري/عملي,9:00 AM - 9:50 AM,TRU,061,148G,دانيه مسفر الجعيد (P),2:30 PM - 3:50 PM,R,061,139G,مرام محمد فلاته 
CPIS 222 - مبادىءنظم التشغيل,32395,A2,نظري/عملي,10:00 AM - 10:50 AM,TRU,061,149G,دانيه مسفر الجعيد (P),1:00 PM - 2:20 PM,R,061,139G,مرام محمد فلاته 
CPIS 222 - مبادىءنظم التشغيل,36401,IS1,نظري/عملي,4:00 PM - 5:20 PM,MW,031 كلية الحاسبات وت.المعلومات,14,جبرائيل الأمين محمد أبوسمره (P),5:30 PM - 6:50 PM,R,031 كلية الحاسبات وت.المعلومات,14,جبرائيل الأمين محمد أبوسمره 
CPIS 222 - مبادىءنظم التشغيل,36402,IS2,نظري/عملي,3:00 PM - 3:50 PM,TRU,031 كلية الحاسبات وت.المعلومات,05,جبرائيل الأمين محمد أبوسمره (P),5:30 PM - 6:50 PM,T,031 كلية الحاسبات وت.المعلومات,06,جبرائيل الأمين محمد أبوسمره 
CPIS 222 - مبادىءنظم التشغيل,40239,IS3,نظري/عملي,2:30 PM - 3:50 PM,MW,TBA,TBA,TBA,5:30 PM - 6:50 PM,R,TBA,TBA,TBA
CPIS 240 - نظم ادارة قواعد البيانات,32397,B1,نظري/عملي,9:00 AM - 9:50 AM,TRU,061,149G,حليمة ادريس سمرا (P),1:00 PM - 2:20 PM,T,061,122G,هاجر هليل الجهني 
CPIS 240 - نظم ادارة قواعد البيانات,36403,IS1,نظري/عملي,9:30 AM - 10:50 AM,MW,031 كلية الحاسبات وت.المعلومات,08,محمد حاتم بن سواد (P),7:00 PM - 8:20 PM,U,031 كلية الحاسبات وت.المعلومات,15,محمد حاتم بن سواد 
CPIS 240 - نظم ادارة قواعد البيانات,36404,IS2,نظري/عملي,11:00 AM - 12:20 PM,MW,031 كلية الحاسبات وت.المعلومات,08,محمد حاتم بن سواد (P),5:30 PM - 6:50 PM,U,031 كلية الحاسبات وت.المعلومات,08,محمد حاتم بن سواد 
CPIS 240 - نظم ادارة قواعد البيانات,36405,IS3,نظري,1:00 PM - 1:50 PM,TRU,031 كلية الحاسبات وت.المعلومات,03,محمد حمدي العليمي (P),7:00 PM - 8:20 PM,U,031 كلية الحاسبات وت.المعلومات,11,محمد حمدي العليمي 
CPIS 240 - نظم ادارة قواعد البيانات,40240,IS4,نظري/عملي,4:00 PM - 5:20 PM,MW,TBA,TBA,TBA,7:00 PM - 8:20 PM,R,TBA,TBA,TBA
CPIS 241 - مقدمةفي ادارة قواعد البيانات,31173,A1,نظري/عملي,2:00 PM - 2:50 PM,TRU,007,091C,عائشه محمد مقبل (P),,,,,
CPIS 241 - مقدمةفي ادارة قواعد البيانات,31174,A2,نظري/عملي,1:00 PM - 1:50 PM,TRU,007,077C,عائشه محمد مقبل (P),,,,,
CPIS 241 - مقدمةفي ادارة قواعد البيانات,31175,A3,نظري/عملي,12:00 PM - 12:50 PM,TRU,007,094A,عائشه محمد مقبل (P),,,,,
CPIS 241 - مقدمةفي ادارة قواعد البيانات,31176,A4,نظري/عملي,11:00 AM - 11:50 AM,TRU,007,091C,عائشه محمد مقبل (P),,,,,
CPIS 241 - مقدمةفي ادارة قواعد البيانات,36406,KE,نظري/عملي,7:00 PM - 8:20 PM,M,031 كلية الحاسبات وت.المعلومات,05,احمد سعيد الفقيه ,3:00 PM - 3:50 PM,TRU,125 ( فصول دراسية ميدان قديم),108A,احمد سعيد الفقيه (P)
CPIS 241 - مقدمةفي ادارة قواعد البيانات,40242,KE2,نظري/عملي,7:00 PM - 8:20 PM,M,TBA,TBA,TBA,9:00 AM - 9:50 AM,TRU,TBA,TBA,TBA
CPIS 250 - هندسة البرمجيات,32398,A1,نظري/عملي,8:00 AM - 9:15 AM,MW,061,106F,شيماء محمد سلامه (P),11:00 AM - 12:20 PM,W,061,130G,حليمة ادريس سمرا 
CPIS 250 - هندسة البرمجيات,36407,IS1,نظري/عملي,7:00 PM - 8:20 PM,M,031 كلية الحاسبات وت.المعلومات,08,سلطان عبدالله القرني ,4:00 PM - 4:50 PM,TRU,031 كلية الحاسبات وت.المعلومات,17,عادل عبود باحداد (P)
CPIS 250 - هندسة البرمجيات,36408,IS2,نظري/عملي,1:00 PM - 2:20 PM,MW,031 كلية الحاسبات وت.المعلومات,08A,سلطان عبدالله القرني (P),7:00 PM - 8:20 PM,W,031 كلية الحاسبات وت.المعلومات,13,معاذ عبدالله الغامدي 
CPIS 250 - هندسة البرمجيات,36409,IS3,نظري/عملي,10:00 AM - 10:50 AM,TRU,031 كلية الحاسبات وت.المعلومات,13,عادل عبود باحداد (P),5:30 PM - 6:50 PM,T,031 كلية الحاسبات وت.المعلومات,03,معاذ عبدالله الغامدي 
CPIS 250 - هندسة البرمجيات,40243,IS4,نظري/عملي,5:30 PM - 6:50 PM,M,TBA,TBA,TBA,10:00 AM - 10:50 AM,TRU,TBA,TBA,TBA
CPIS 312 - أمن المعلومات والحاسبات,32400,A1,نظري/عملي,1:00 PM - 1:50 PM,TRU,061,124G,مها فاروق محمد صابر (P),8:00 AM - 9:20 AM,U,061,139G,ريهام عماد ابوالحمائل 
CPIS 312 - أمن المعلومات والحاسبات,32403,A2,نظري/عملي,12:00 PM - 12:50 PM,TRU,061,105G,مها فاروق محمد صابر (P),8:00 AM - 9:20 AM,W,061,139G,ريهام عماد ابوالحمائل 
CPIS 312 - أمن المعلومات والحاسبات,36410,IS1,نظري/عملي,9:00 AM - 9:50 AM,TRU,031 كلية الحاسبات وت.المعلومات, ,TBA,11:00 AM - 12:20 PM,R,031 كلية الحاسبات وت.المعلومات, ,TBA
CPIS 312 - أمن المعلومات والحاسبات,40244,IS2,نظري/عملي,1:00 PM - 1:50 PM,TRU,031 كلية الحاسبات وت.المعلومات,12,بندر احمد الزهراني (P),11:00 AM - 12:20 PM,U,031 كلية الحاسبات وت.المعلومات,10,بندر احمد الزهراني 
CPIS 320 - نظرية ونظم دعم القرار,32587,A,نظري/عملي,10:00 AM - 10:50 AM,TRU,061,105G,حليمة ادريس سمرا (P),1:00 PM - 2:20 PM,T,061,123G,وعد عبدالله الشهري 
CPIS 320 - نظرية ونظم دعم القرار,32590,A1,نظري/عملي,12:00 PM - 12:50 PM,TRU,061,127G,حليمة ادريس سمرا (P),2:30 PM - 3:50 PM,T,061,137G,وعد عبدالله الشهري 
CPIS 320 - نظرية ونظم دعم القرار,36411,IS1,نظري/عملي,9:00 AM - 9:50 AM,TRU,031 كلية الحاسبات وت.المعلومات,06,عبدالله عبدالحميد البركاتي (P),7:00 PM - 8:20 PM,W,031 كلية الحاسبات وت.المعلومات,04,عبدالله عبدالحميد البركاتي 
CPIS 334 - مقدمة ادارة مشاريع النظم البرم,33438,A1C,نظري/عملي,2:00 PM - 2:50 PM,TR,061,148G,هناء محمد صالح نمنكاني (P),2:30 PM - 3:50 PM,U,061,122G,هاجر هليل الجهني 
CPIS 334 - مقدمة ادارة مشاريع النظم البرم,33443,A2S,نظري/عملي,1:00 PM - 2:20 PM,M,061,146G,عبير بشير زمو ,12:00 PM - 12:50 PM,TR,061,124G,هناء محمد صالح نمنكاني (P)
CPIS 334 - مقدمة ادارة مشاريع النظم البرم,33446,A3S,نظري/عملي,1:00 PM - 1:50 PM,TR,061,127G,هناء محمد صالح نمنكاني (P),9:30 AM - 10:50 AM,T,061,135F,هاجر هليل الجهني 
CPIS 334 - مقدمة ادارة مشاريع النظم البرم,33447,A4T,نظري/عملي,9:30 AM - 10:50 AM,M,061,122G,عبير بشير زمو ,9:00 AM - 9:50 AM,TU,061,127G,سعاد سليمان العريفي (P)
CPIS 334 - مقدمة ادارة مشاريع النظم البرم,33451,A5T,نظري/عملي,9:30 AM - 10:50 AM,M,061,146G,هاجر هليل الجهني ,11:00 AM - 11:50 AM,TU,061,102F,سعاد سليمان العريفي (P)
CPIS 334 - مقدمة ادارة مشاريع النظم البرم,33453,A6T,نظري/عملي,11:00 AM - 12:20 PM,M,061,122G,هاجر هليل الجهني ,12:00 PM - 12:50 PM,TU,061,128G,سحر حسن فلاته (P)
CPIS 334 - مقدمة ادارة مشاريع النظم البرم,33455,A7T,نظري/عملي,1:00 PM - 2:20 PM,M,061,138G,هاجر هليل الجهني ,1:00 PM - 1:50 PM,TU,061,147G,سحر حسن فلاته (P)
CPIS 334 - مقدمة ادارة مشاريع النظم البرم,36412,F1,نظري/عملي,3:00 PM - 3:50 PM,T,081,101A,هادي محسن عقيبي ,11:00 AM - 11:50 AM,RU,031 كلية الحاسبات وت.المعلومات,06,هادي محسن عقيبي (P)
CPIS 334 - مقدمة ادارة مشاريع النظم البرم,36413,F2,نظري/عملي,2:30 PM - 3:20 PM,MW,031 كلية الحاسبات وت.المعلومات,09,احمد مصطفى بلفقيه (P),7:00 PM - 7:50 PM,R,031 كلية الحاسبات وت.المعلومات,06,احمد مصطفى بلفقيه 
CPIS 334 - مقدمة ادارة مشاريع النظم البرم,36414,F3,نظري/عملي,1:00 PM - 1:50 PM,T,031 كلية الحاسبات وت.المعلومات,01,هادي محسن عقيبي ,1:00 PM - 1:50 PM,RU,031 كلية الحاسبات وت.المعلومات,01,هادي محسن عقيبي (P)
CPIS 334 - مقدمة ادارة مشاريع النظم البرم,36415,F4,نظري/عملي,9:30 AM - 10:20 AM,MW,031 كلية الحاسبات وت.المعلومات,10,علاء عمران المغربي (P),4:00 PM - 4:50 PM,R,031 كلية الحاسبات وت.المعلومات,06,علاء عمران المغربي 
CPIS 334 - مقدمة ادارة مشاريع النظم البرم,36416,F6,نظري/عملي,2:00 PM - 2:50 PM,TU,031 كلية الحاسبات وت.المعلومات,11,عثمان علي ارشاد (P),2:00 PM - 2:50 PM,R,031 كلية الحاسبات وت.المعلومات,11,عثمان علي ارشاد 
CPIS 334 - مقدمة ادارة مشاريع النظم البرم,40245,IS6,نظري/عملي,2:00 PM - 2:50 PM,TU,TBA,TBA,TBA,11:00 AM - 11:50 AM,R,TBA,TBA,TBA
CPIS 342 - مستودعات البيانات والتنقيب,32407,D1,نظري/عملي,1:00 PM - 2:20 PM,M,061,122G,ريهام عماد ابوالحمائل ,10:00 AM - 10:50 AM,TRU,061,128G,اميمه عبدالله المطرفي (P)
CPIS 342 - مستودعات البيانات والتنقيب,32409,D2,نظري/عملي,9:00 AM - 9:50 AM,TRU,061,105G,اميمه عبدالله المطرفي (P),1:00 PM - 2:20 PM,W,061,122G,ريهام عماد ابوالحمائل 
CPIS 342 - مستودعات البيانات والتنقيب,36417,IS1,نظري/عملي,11:00 AM - 12:20 PM,MW,081,310A,عبدالله عيد الحجيلي (P),7:00 PM - 8:20 PM,R,031 كلية الحاسبات وت.المعلومات,15,عبدالله عيد الحجيلي 
CPIS 342 - مستودعات البيانات والتنقيب,36418,IS2,نظري/عملي,5:30 PM - 6:50 PM,M,031 كلية الحاسبات وت.المعلومات,08,معاذ عبدالله الغامدي ,1:00 PM - 1:50 PM,TRU,031 كلية الحاسبات وت.المعلومات,08,يوسف سعيد السناني (P)
CPIS 342 - مستودعات البيانات والتنقيب,40246,IS3,نظري/عملي,7:00 PM - 8:20 PM,M,TBA,TBA,TBA,3:00 PM - 3:50 PM,TRU,TBA,TBA,TBA
CPIS 351 - تحليل وتصميم نظم المعلومات,32413,A1,نظري/عملي,11:00 AM - 12:15 PM,MW,061,146F,سحر حسين جمبي (P),2:30 PM - 3:50 PM,W,061,123G,وعد عبدالله الشهري 
CPIS 351 - تحليل وتصميم نظم المعلومات,32415,A2,نظري/عملي,1:00 PM - 2:15 PM,MW,061,148G,سحر حسين جمبي (P),11:00 AM - 12:20 PM,W,061,107G,وعد عبدالله الشهري 
CPIS 351 - تحليل وتصميم نظم المعلومات,36419,IS1,نظري/عملي,2:00 PM - 2:50 PM,TRU,031 كلية الحاسبات وت.المعلومات,09,محمد شير رمضان (P),5:30 PM - 6:50 PM,T,031 كلية الحاسبات وت.المعلومات,11,محمد شير رمضان 
CPIS 351 - تحليل وتصميم نظم المعلومات,36420,IS2,نظري/عملي,4:00 PM - 5:20 PM,MW,031 كلية الحاسبات وت.المعلومات,06,رائد عبدالباسط الصيني (P),7:00 PM - 8:20 PM,U,031 كلية الحاسبات وت.المعلومات,03,رائد عبدالباسط الصيني 
CPIS 351 - تحليل وتصميم نظم المعلومات,40247,IS3,نظري/عملي,4:00 PM - 4:50 PM,TRU,TBA,TBA,TBA,5:30 PM - 6:50 PM,W,TBA,TBA,TBA
CPIS 352 - تطوير تطبيقات نظم المعلومات,32418,C1,نظري/عملي,8:00 AM - 9:15 AM,MW,061,105G,فوزيه عقاب الزهراني (P),9:30 AM - 10:50 AM,U,061,138G,ريهام عماد ابوالحمائل 
CPIS 352 - تطوير تطبيقات نظم المعلومات,32419,C2,نظري/عملي,9:30 AM - 10:50 AM,MW,061,148G,فوزيه عقاب الزهراني (P),8:00 AM - 9:20 AM,M,061,138G,ريهام عماد ابوالحمائل 
CPIS 352 - تطوير تطبيقات نظم المعلومات,36421,IS1,نظري/عملي,10:00 AM - 10:50 AM,TRU,031 كلية الحاسبات وت.المعلومات,15,توفيق زهير حسنين (P),5:30 PM - 6:50 PM,W,031 كلية الحاسبات وت.المعلومات,15,توفيق زهير حسنين 
CPIS 352 - تطوير تطبيقات نظم المعلومات,36422,IS2,نظري/عملي,2:30 PM - 3:50 PM,MW,031 كلية الحاسبات وت.المعلومات,16,مصطفى السيد الشربينى (P),11:00 AM - 12:20 PM,R,031 كلية الحاسبات وت.المعلومات,05,مصطفى السيد الشربينى 
CPIS 352 - تطوير تطبيقات نظم المعلومات,40248,IS3,نظري/عملي,9:30 AM - 10:50 AM,MW,TBA,TBA,TBA,7:00 PM - 8:20 PM,W,TBA,TBA,TBA
CPIS 354 - مبادىءالاتصال بين الانسان والح,36423,IS1,نظري/عملي,1:00 PM - 2:20 PM,MW,031 كلية الحاسبات وت.المعلومات, ,TBA,5:30 PM - 6:50 PM,U,031 كلية الحاسبات وت.المعلومات, ,TBA
CPIS 354 - مبادىءالاتصال بين الانسان والح,36424,IS2,نظري/عملي,4:00 PM - 4:50 PM,TRU,031 كلية الحاسبات وت.المعلومات,01,ساشي عرفات (P),7:00 PM - 8:20 PM,U,031 كلية الحاسبات وت.المعلومات,06,ساشي عرفات 
CPIS 354 - مبادىءالاتصال بين الانسان والح,40249,IS3,نظري/عملي,11:00 AM - 12:20 PM,MW,471 ( فصول دراسية ميدان جديد),301A,فؤاد شوعي على الله (P),5:30 PM - 6:50 PM,R,031 كلية الحاسبات وت.المعلومات,05,عثمان علي ارشاد 
CPIS 354 - مبادىءالاتصال بين الانسان والح,32422,R1,نظري/عملي,8:00 AM - 9:20 AM,MW,061,149G,هند حسن بيطار (P),1:00 PM - 2:20 PM,U,061,107G,ريهام عماد ابوالحمائل 
CPIS 354 - مبادىءالاتصال بين الانسان والح,32426,R2,نظري/عملي,9:30 AM - 10:45 AM,MW,061,149G,هند حسن بيطار (P),11:00 AM - 12:20 PM,U,061,122G,ريهام عماد ابوالحمائل 
CPIS 357 - مقدمة في جودة البرمجيات واختبا,32431,D1,نظري/عملي,10:00 AM - 10:50 AM,TRU,061,127G,ثريا احمد الغامدي (P),1:00 PM - 2:20 PM,R,061,137G,ريهام عماد ابوالحمائل 
CPIS 357 - مقدمة في جودة البرمجيات واختبا,32437,D2,نظري/عملي,12:00 PM - 12:50 PM,TRU,061,125F,ثريا احمد الغامدي (P),9:30 AM - 10:50 AM,R,061,146G,ريهام عماد ابوالحمائل 
CPIS 357 - مقدمة في جودة البرمجيات واختبا,40250,IS1,نظري/عملي,1:00 PM - 2:20 PM,MW,044( فصول دراسية ميدان قديم),204A,مصطفى السيد الشربينى (P),7:00 PM - 8:20 PM,M,031 كلية الحاسبات وت.المعلومات,12,بهجت سعيد فقيه 
CPIS 357 - مقدمة في جودة البرمجيات واختبا,36425,IS2,نظري/عملي,3:00 PM - 3:50 PM,TRU,031 كلية الحاسبات وت.المعلومات,08,اسامة بسام ربيع (P),5:30 PM - 6:50 PM,R,031 كلية الحاسبات وت.المعلومات,04,اسامة بسام ربيع 
CPIS 358 - تطوير تطبيقات الانترنيت وبرمجي,36426,IS1,نظري/عملي,1:00 PM - 2:20 PM,MW,471 ( فصول دراسية ميدان جديد),210A,فؤاد شوعي على الله (P),7:00 PM - 8:20 PM,W,031 كلية الحاسبات وت.المعلومات,10,عثمان علي ارشاد 
CPIS 358 - تطوير تطبيقات الانترنيت وبرمجي,36427,IS2,نظري/عملي,4:00 PM - 4:50 PM,TRU,031 كلية الحاسبات وت.المعلومات,08,فؤاد شوعي على الله (P),11:00 AM - 12:20 PM,U,031 كلية الحاسبات وت.المعلومات,08,عثمان علي ارشاد 
CPIS 358 - تطوير تطبيقات الانترنيت وبرمجي,40252,IS3,نظري/عملي,5:30 PM - 6:50 PM,M,TBA,TBA,TBA,9:00 AM - 9:50 AM,TRU,TBA,TBA,TBA
CPIS 358 - تطوير تطبيقات الانترنيت وبرمجي,32439,N1,نظري/عملي,8:00 AM - 9:15 AM,MW,061,127G,امل حامد الحربي (P),1:00 PM - 2:20 PM,W,061,123G,امل حامد الحربي 
CPIS 358 - تطوير تطبيقات الانترنيت وبرمجي,32444,N2,نظري/عملي,9:30 AM - 10:45 AM,MW,061,127G,امل حامد الحربي (P),8:00 AM - 9:20 AM,T,061,123G,امل حامد الحربي 
CPIS 363 - النظم الذكية,36428,IS1,نظري/عملي,5:30 PM - 6:50 PM,M,031 كلية الحاسبات وت.المعلومات,16,عبدالله عيد الحجيلي ,10:00 AM - 10:50 AM,TRU,031 كلية الحاسبات وت.المعلومات,08A,عبدالله عيد الحجيلي (P)
CPIS 363 - النظم الذكية,32593,R1,نظري/عملي,11:00 AM - 11:50 AM,TRU,061,105F,مياده عبداللطيف الرايقي (P),1:00 PM - 2:20 PM,U,061,130G,هاجر هليل الجهني 
CPIS 363 - النظم الذكية,32604,R2,نظري/عملي,9:00 AM - 9:50 AM,TRU,061,105F,مياده عبداللطيف الرايقي (P),1:00 PM - 2:20 PM,W,061,138G,هاجر هليل الجهني 
CPIS 370 - مبادىءشبكات البيانات,32447,B1,نظري/عملي,9:30 AM - 10:45 AM,MW,061,121F,سحر خالد بدري (P),11:00 AM - 12:20 PM,U,061,136F,سحر خالد بدري 
CPIS 370 - مبادىءشبكات البيانات,36429,IS1,نظري/عملي,10:00 AM - 10:50 AM,TRU,031 كلية الحاسبات وت.المعلومات,05,فرخ نديم عبداللطيف (P),11:00 AM - 12:20 PM,R,031 كلية الحاسبات وت.المعلومات,01,فرخ نديم عبداللطيف 
CPIS 370 - مبادىءشبكات البيانات,36430,IS2,نظري/عملي,2:30 PM - 3:50 PM,MW,031 كلية الحاسبات وت.المعلومات,05,سلطان عبدالله القرني (P),5:30 PM - 6:50 PM,W,031 كلية الحاسبات وت.المعلومات,05,محمد حمدي العليمي 
CPIS 370 - مبادىءشبكات البيانات,40254,IS3,نظري/عملي,10:00 AM - 10:50 AM,TRU,TBA,TBA,TBA,5:30 PM - 6:50 PM,W,TBA,TBA,TBA
CPIS 380 - مقدمه في نظم الاعمال الالكترون,32454,GAR,نظري/عملي,11:00 AM - 12:15 PM,MW,061,149G,غاده احمد عامودي (P),1:00 PM - 2:20 PM,R,061,130G,وعد عبدالله الشهري 
CPIS 380 - مقدمه في نظم الاعمال الالكترون,36431,IS1,نظري/عملي,9:30 AM - 10:50 AM,MW,125 ( فصول دراسية ميدان قديم),111A,وافي امجد بديوي (P),7:00 PM - 8:20 PM,R,031 كلية الحاسبات وت.المعلومات,16,وافي امجد بديوي 
CPIS 380 - مقدمه في نظم الاعمال الالكترون,36432,IS2,نظري/عملي,1:00 PM - 1:50 PM,TRU,031 كلية الحاسبات وت.المعلومات,08A,بهجت سعيد فقيه (P),7:00 PM - 8:20 PM,U,031 كلية الحاسبات وت.المعلومات,14,بهجت سعيد فقيه 
CPIS 380 - مقدمه في نظم الاعمال الالكترون,32451,R1,نظري/عملي,1:00 PM - 2:15 PM,MW,061,149G,غاده احمد عامودي (P),9:30 AM - 10:50 AM,R,061,130G,وعد عبدالله الشهري 
CPIS 382 - تطوير الانظمة الالكترونية وتصم,36433,IS1,نظري/عملي,11:00 AM - 12:20 PM,MW,031 كلية الحاسبات وت.المعلومات,14,عبدالعزيز عطيه السلمي (P),11:00 AM - 12:20 PM,R,031 كلية الحاسبات وت.المعلومات,14,عبدالعزيز عطيه السلمي 
CPIS 393 - مهارات بيئة العمل لمتخصصي ت.,43927,IS1,نظري/عملي,7:00 PM - 8:20 PM,M,031 كلية الحاسبات وت.المعلومات,06,فهد مزيد العتيبي ,1:00 PM - 1:50 PM,TRU,031 كلية الحاسبات وت.المعلومات,07,فهد مزيد العتيبي (P)
CPIS 393 - مهارات بيئة العمل لمتخصصي ت.,43935,IS2,نظري/عملي,2:00 PM - 2:50 PM,TRU,TBA,TBA,TBA,7:00 PM - 8:20 PM,W,TBA,TBA,TBA
CPIS 420 - أساليب دعم اتخاذ القرار,32608,D1,نظري/عملي,11:00 AM - 11:50 AM,TRU,061,148G,ثريا احمد الغامدي (P),1:00 PM - 2:20 PM,U,061,123G,وعد عبدالله الشهري 
CPIS 420 - أساليب دعم اتخاذ القرار,32612,D2,نظري/عملي,9:00 AM - 9:50 AM,TRU,061,128G,ثريا احمد الغامدي (P),1:00 PM - 2:20 PM,W,061,130G,وعد عبدالله الشهري 
CPIS 420 - أساليب دعم اتخاذ القرار,36434,IS1,نظري/عملي,2:00 PM - 2:50 PM,TRU,125 ( فصول دراسية ميدان قديم),106A,ايهاب عاطف أبوزنادة (P),7:00 PM - 8:20 PM,T,031 كلية الحاسبات وت.المعلومات,15,معاذ عبدالله الغامدي 
CPIS 424 - نظم النمذجة والمحاكاة,36435,IS1,نظري/عملي,10:00 AM - 10:50 AM,TRU,081,201A,TBA,7:00 PM - 8:20 PM,W,031 كلية الحاسبات وت.المعلومات,15,TBA
CPIS 428 - مواضيع وقضايا معلوماتية,33468,A1C,نظري/عملي,1:00 PM - 2:50 PM,U,061,105F,سحر خالد بدري (P),,,,,
CPIS 428 - مواضيع وقضايا معلوماتية,33475,A2C,نظري/عملي,12:00 PM - 1:50 PM,U,061,106F,كوثر عبدالاله صعيدي (P),,,,,
CPIS 428 - مواضيع وقضايا معلوماتية,33476,A3T,نظري/عملي,9:00 AM - 10:50 AM,T,061,106G,عبير سراج عقاد (P),,,,,
CPIS 428 - مواضيع وقضايا معلوماتية,33478,A4S,نظري/عملي,11:00 AM - 12:50 PM,M,061,127G,مرام عبدالرحمن مكاوي (P),,,,,
CPIS 428 - مواضيع وقضايا معلوماتية,33479,A5S,نظري/عملي,11:00 AM - 12:50 PM,W,061,127G,مرام عبدالرحمن مكاوي (P),,,,,
CPIS 428 - مواضيع وقضايا معلوماتية,36436,F1,نظري/عملي,4:00 PM - 4:50 PM,MW,031 كلية الحاسبات وت.المعلومات,11,سمير عبدالله نوح (P),,,,,
CPIS 428 - مواضيع وقضايا معلوماتية,36437,F2,نظري/عملي,2:30 PM - 3:20 PM,MW,031 كلية الحاسبات وت.المعلومات,15,عدنان مصطفى البار (P),,,,,
CPIS 428 - مواضيع وقضايا معلوماتية,36438,F3,نظري/عملي,2:00 PM - 2:50 PM,TU,031 كلية الحاسبات وت.المعلومات,08,هادي محسن عقيبي (P),,,,,
CPIS 428 - مواضيع وقضايا معلوماتية,36439,F4,نظري/عملي,4:00 PM - 4:50 PM,TU,031 كلية الحاسبات وت.المعلومات,06,سمير عبدالله نوح (P),,,,,
CPIS 428 - مواضيع وقضايا معلوماتية,36440,F6,نظري/عملي,11:00 AM - 11:50 AM,MW,031 كلية الحاسبات وت.المعلومات,15,عدنان مصطفى البار (P),عودة إلى السابق,,, ,
CPIS 434 - استراتيجيات وسياسات نظم المعلو,32461,A1,نظري/عملي,10:00 AM - 10:50 AM,TRU,061,104F,هناء محمد صالح نمنكاني (P),,,,,
CPIS 434 - استراتيجيات وسياسات نظم المعلو,36441,IS1,نظري/عملي,9:00 AM - 9:50 AM,TRU,031 كلية الحاسبات وت.المعلومات,13,حميد حسن حسين (P),5:30 PM - 6:50 PM,W,031 كلية الحاسبات وت.المعلومات,13,حميد حسن حسين 
CPIS 434 - استراتيجيات وسياسات نظم المعلو,40256,IS2,نظري/عملي,3:00 PM - 3:50 PM,TRU,TBA,TBA,TBA,11:00 AM - 12:20 PM,U,TBA,TBA,TBA
CPIS 483 - تطبيقات الانظمة الالكترونية,32615,AA,نظري/عملي,9:30 AM - 10:45 AM,MW,061,105G,سحر حسين جمبي (P),2:30 PM - 3:50 PM,U,061,107G,وعد عبدالله الشهري 
CPIS 483 - تطبيقات الانظمة الالكترونية,36442,IS1,نظري/عملي,1:00 PM - 2:20 PM,MW,125 ( فصول دراسية ميدان قديم),210A,اسامة بسام ربيع (P),5:30 PM - 6:50 PM,M,031 كلية الحاسبات وت.المعلومات,07,حميد حسن حسين 
CPIS 490 - مواضيع مختارة في نظم المعلومات,32622,AR,نظري/عملي,9:30 AM - 10:45 AM,MW,061,148F,كوثر عبدالاله صعيدي (P),11:00 AM - 12:20 PM,W,061,135F,فوزيه عقاب الزهراني 
CPIS 490 - مواضيع مختارة في نظم المعلومات,36443,IS1,نظري/عملي,9:30 AM - 10:50 AM,MW,031 كلية الحاسبات وت.المعلومات,15,نواف جمال الحبيشي (P),11:00 AM - 12:20 PM,U,031 كلية الحاسبات وت.المعلومات,15,نواف جمال الحبيشي 
CPIS 490 - مواضيع مختارة في نظم المعلومات,40257,IS2,نظري/عملي,7:00 PM - 8:20 PM,M,031 كلية الحاسبات وت.المعلومات, ,TBA,4:00 PM - 4:50 PM,TRU,031 كلية الحاسبات وت.المعلومات, ,TBA
CPIS 498 - مشروع تخرج 1,32467,R1,نظري,9:00 PM - 9:50 PM,TRU,TBA,TBA,غاده احمد عامودي (P),,,,,
CPIS 498 - مشروع تخرج 1,32485,R11,نظري,9:00 PM - 9:50 PM,TRU,TBA,TBA,سحر حسين جمبي (P),,,,,
CPIS 498 - مشروع تخرج 1,32490,R12,نظري,9:00 PM - 9:50 PM,TRU,TBA,TBA,دانيه مسفر الجعيد (P),,,,,
CPIS 498 - مشروع تخرج 1,32492,R13,نظري,9:00 AM - 10:00 AM,TRU,TBA,TBA,شيماء محمد سلامه (P),,,,,
CPIS 498 - مشروع تخرج 1,32493,R14,نظري,9:00 PM - 9:50 PM,TRU,TBA,TBA,سعاد سليمان العريفي (P),,,,,
CPIS 498 - مشروع تخرج 1,32496,R15,نظري,9:00 PM - 9:50 PM,TRU,TBA,TBA,عائشة يعقوب الصبحي (P),,,,,
CPIS 498 - مشروع تخرج 1,32498,R16,نظري,9:00 PM - 9:50 PM,TRU,TBA,TBA,مياده عبداللطيف الرايقي (P),,,,,
CPIS 498 - مشروع تخرج 1,32499,R17,نظري,9:00 PM - 9:50 PM,TRU,TBA,TBA,حنان صالح الغامدي (P),,,,,
CPIS 498 - مشروع تخرج 1,32526,R18,نظري,9:00 PM - 9:50 PM,TRU,TBA,TBA,كوثر عبدالاله صعيدي (P),,,,,
CPIS 498 - مشروع تخرج 1,32528,R19,نظري,10:00 PM - 10:50 PM,TRU,TBA,TBA,سحر خالد بدري (P),,,,,
CPIS 498 - مشروع تخرج 1,32472,R2,نظري,7:00 PM - 7:50 PM,TRU,TBA,TBA,امينه حسن قملو (P),,,,,
CPIS 498 - مشروع تخرج 1,32532,R20,نظري,8:00 PM - 8:50 PM,TRU,TBA,TBA,امل حامد الحربي (P),,,,,
CPIS 498 - مشروع تخرج 1,32534,R21,نظري,8:00 PM - 8:50 PM,TRU,TBA,TBA,مرام عبدالرحمن مكاوي (P),,,,,
CPIS 498 - مشروع تخرج 1,32536,R22,نظري,8:00 PM - 8:50 PM,TRU,TBA,TBA,اميمه عبدالله المطرفي (P),,,,,
CPIS 498 - مشروع تخرج 1,32539,R23,نظري,8:00 PM - 8:50 PM,TRU,TBA,TBA,هناء علي المغربي (P),,,,,
CPIS 498 - مشروع تخرج 1,33494,R24,نظري,8:00 AM - 8:50 AM,TRU,TBA,TBA,فوزيه عقاب الزهراني (P),,,,,
CPIS 498 - مشروع تخرج 1,32484,R9,نظري,9:00 PM - 9:50 PM,TRU,TBA,TBA,هند حسن بيطار (P),,,,,
CPIS 498 - مشروع تخرج 1,36444,S01,نظري,7:00 AM - 7:50 AM,TRU,TBA,TBA,"عبدالرحمن محمد الشريف (P), عدنان مصطفى البار ",,,,,
CPIS 498 - مشروع تخرج 1,36445,S02,نظري,8:00 AM - 8:50 AM,TRU,TBA,TBA,"عبدالرحمن محمد الشريف (P), نواف جمال الحبيشي ",,,,,
CPIS 498 - مشروع تخرج 1,36446,S03,نظري,9:00 PM - 9:50 PM,TRU,TBA,TBA,"ايمن عبدالرحمن اليوبي (P), بندر احمد الزهراني ",,,,,
CPIS 498 - مشروع تخرج 1,36447,S04,نظري,10:00 PM - 10:50 PM,TRU,TBA,TBA,"سلطان عبدالله القرني (P), رائد عبدالباسط الصيني ",,,,,
CPIS 498 - مشروع تخرج 1,36448,S05,نظري,11:00 PM - 11:50 PM,TRU,TBA,TBA,"سلطان عبدالله القرني (P), نواف جمال الحبيشي ",,,,,
CPIS 498 - مشروع تخرج 1,36449,S06,نظري,6:30 AM - 7:50 AM,MW,TBA,TBA,"خالد حامد اليوبي (P), احمد مصطفى بلفقيه ",,,,,
CPIS 498 - مشروع تخرج 1,36450,S07,نظري,8:00 AM - 9:20 AM,MW,TBA,TBA,"خالد حامد اليوبي (P), احمد مصطفى بلفقيه ",,,,,
CPIS 498 - مشروع تخرج 1,36451,S08,نظري,9:00 PM - 10:20 PM,MW,TBA,TBA,"بهجت سعيد فقيه (P), عادل عبود باحداد ",,,,,
CPIS 498 - مشروع تخرج 1,36452,S09,نظري,10:30 PM - 11:50 PM,MW,TBA,TBA,"بهجت سعيد فقيه (P), ايمن احمد يفوز ",,,,,
CPIS 498 - مشروع تخرج 1,36453,S12,نظري,8:00 AM - 8:50 AM,TRU,TBA,TBA,"هادي محسن عقيبي (P), هاني جمال سليماني ",,,,,
CPIS 498 - مشروع تخرج 1,36454,S13,نظري,9:00 PM - 9:50 PM,TRU,TBA,TBA,"هادي محسن عقيبي (P), هاني جمال سليماني ",,,,,
CPIS 498 - مشروع تخرج 1,36455,S14,نظري,10:00 PM - 10:50 PM,TRU,TBA,TBA,"هادي محسن عقيبي (P), هاني جمال سليماني ",,,,,
CPIS 498 - مشروع تخرج 1,36456,S15,نظري,11:00 PM - 11:50 PM,TRU,TBA,TBA,"هاني جمال سليماني (P), هادي محسن عقيبي ",,,,,
CPIS 498 - مشروع تخرج 1,36457,S16,نظري,7:00 AM - 7:50 AM,TRU,TBA,TBA,"ايمن احمد يفوز (P), خالد حامد اليوبي ",,,,,
CPIS 498 - مشروع تخرج 1,36458,S17,نظري,6:30 AM - 7:50 AM,MW,TBA,TBA,"عبدالرحمن محمد الشريف (P), رائد عبدالباسط الصيني ",,,,,
CPIS 498 - مشروع تخرج 1,36459,S18,نظري,8:00 AM - 9:20 AM,MW,TBA,TBA,"ايمن احمد يفوز (P), رائد عبدالباسط الصيني ",,,,,
CPIS 498 - مشروع تخرج 1,36460,S19,نظري,9:00 PM - 10:20 PM,MW,TBA,TBA,"رائد عبدالباسط الصيني (P), ساشي عرفات ",,,,,
CPIS 498 - مشروع تخرج 1,36461,S20,نظري,10:30 PM - 11:50 PM,MW,TBA,TBA,"رائد عبدالباسط الصيني (P), ساشي عرفات ",,,,,
CPIS 498 - مشروع تخرج 1,36462,S21,نظري,7:00 AM - 7:50 AM,TRU,TBA,TBA,"فؤاد شوعي على الله (P), ساشي عرفات ",,,,,
CPIS 498 - مشروع تخرج 1,36463,S22,نظري,8:00 AM - 8:50 AM,TRU,TBA,TBA,"فؤاد شوعي على الله (P), رائد عبدالباسط الصيني ",,,,,
CPIS 498 - مشروع تخرج 1,36464,S23,نظري,9:00 PM - 9:50 PM,TRU,TBA,TBA,"وافي امجد بديوي (P), حميد حسن حسين ",,,,,
CPIS 498 - مشروع تخرج 1,36465,S24,نظري,10:00 PM - 10:50 PM,TRU,TBA,TBA,"عبدالله عيد الحجيلي (P), ساشي عرفات ",,,,,
CPIS 498 - مشروع تخرج 1,36466,S25,نظري,11:00 PM - 11:50 PM,TRU,TBA,TBA,"عبدالعزيز عطيه السلمي (P), عبدالرحمن محمد الشريف ",,,,,
CPIS 498 - مشروع تخرج 1,36467,S26,نظري,6:30 AM - 7:50 AM,MW,TBA,TBA,"عبدالعزيز عطيه السلمي (P), وافي امجد بديوي ",,,,,
CPIS 498 - مشروع تخرج 1,36468,S27,نظري,8:00 AM - 9:20 AM,MW,TBA,TBA,"عبدالعزيز عطيه السلمي (P), عبدالله عيد الحجيلي ",,,,,
CPIS 498 - مشروع تخرج 1,36469,S28,نظري,9:00 PM - 10:20 PM,MW,TBA,TBA,"وافي امجد بديوي (P), مصطفى السيد الشربينى ",,,,,
CPIS 498 - مشروع تخرج 1,36470,S29,نظري,10:30 PM - 11:50 PM,MW,TBA,TBA,"وافي امجد بديوي (P), حميد حسن حسين ",,,,,
CPIS 498 - مشروع تخرج 1,36471,S30,نظري,6:30 AM - 7:50 AM,MW,TBA,TBA,"حسن فؤاد لبنى (P), عبدالله عيد الحجيلي ",,,,,
CPIS 498 - مشروع تخرج 1,36472,S31,نظري,7:00 AM - 7:50 AM,TRU,TBA,TBA,"حسن فؤاد لبنى (P), عبدالعزيز عطيه السلمي ",,,,,
CPIS 498 - مشروع تخرج 1,36473,S32,نظري,8:00 AM - 8:50 AM,TRU,TBA,TBA,"حسن فؤاد لبنى (P), عبدالعزيز عطيه السلمي ",,,,,
CPIS 498 - مشروع تخرج 1,36474,S33,نظري,9:00 PM - 9:50 PM,TRU,TBA,TBA,"حسن فؤاد لبنى (P), سمير عبدالله نوح ",,,,,
CPIS 498 - مشروع تخرج 1,36475,S34,نظري,10:00 PM - 10:50 PM,TRU,TBA,TBA,"حسن فؤاد لبنى (P), سمير عبدالله نوح ",,,,,
CPIS 498 - مشروع تخرج 1,36476,S35,نظري,11:00 PM - 11:50 PM,TRU,TBA,TBA,"حسن فؤاد لبنى (P), سمير عبدالله نوح ",,,,,
CPIS 498 - مشروع تخرج 1,36477,S36,نظري,8:00 AM - 9:20 AM,MW,TBA,TBA,"عبدالرحمن محمد الشريف (P), علاء عمر خديدوس​ ",,,,,
CPIS 498 - مشروع تخرج 1,36478,S37,نظري,9:00 PM - 10:20 PM,MW,TBA,TBA,"عبدالرحمن محمد الشريف (P), خالد حامد اليوبي ",,,,,
CPIS 498 - مشروع تخرج 1,36479,S38,نظري,10:30 PM - 11:50 PM,MW,TBA,TBA,"عبدالرحمن محمد الشريف (P), خالد حامد اليوبي ",,,,,
CPIS 498 - مشروع تخرج 1,36480,S39,نظري,6:30 AM - 7:50 AM,MW,TBA,TBA,"فهد صالح العتيبي (P), عادل عبود باحداد ",,,,,
CPIS 498 - مشروع تخرج 1,36481,S40,نظري,8:00 AM - 9:20 AM,MW,TBA,TBA,"فهد صالح العتيبي (P), توفيق زهير حسنين ",,,,,
CPIS 498 - مشروع تخرج 1,36482,S41,نظري,7:00 AM - 7:50 AM,TRU,TBA,TBA,"نايف راضي الجهني (P), مصطفى السيد الشربينى ",,,,,
CPIS 498 - مشروع تخرج 1,36483,S42,نظري,8:00 AM - 8:50 AM,TRU,TBA,TBA,"محمد حمدي العليمي (P), مصطفى السيد الشربينى ",,,,,
CPIS 498 - مشروع تخرج 1,36484,S43,نظري,9:00 PM - 9:50 PM,TRU,TBA,TBA,"احمد سعيد الفقيه (P), ساشي عرفات ",,,,,
CPIS 498 - مشروع تخرج 1,36485,S44,نظري,10:00 PM - 10:50 PM,TRU,TBA,TBA,"محمد حمدي العليمي (P), احمد سعيد الفقيه ",,,,,
CPIS 498 - مشروع تخرج 1,36486,S45,نظري,11:00 PM - 11:50 PM,TRU,TBA,TBA,"فهد صالح العتيبي (P), خالد حامد اليوبي ",,,,,
CPIS 498 - مشروع تخرج 1,36487,S46,نظري,9:00 PM - 10:20 PM,MW,TBA,TBA,"فؤاد شوعي على الله (P), علاء عمر خديدوس​ ",,,,,
CPIS 498 - مشروع تخرج 1,36488,S47,نظري,10:30 PM - 11:50 PM,MW,TBA,TBA,"حسن فؤاد لبنى (P), احمد سعيد الفقيه ",عودة إلى السابق,,, ,
CPIS 499 - مشروع تخرج 2,32545,A1,نظري,9:00 PM - 9:50 PM,TRU,TBA,TBA,حليمة ادريس سمرا (P),,,,,
CPIS 499 - مشروع تخرج 2,32567,A10,نظري,9:00 PM - 9:50 PM,TRU,TBA,TBA,ديمه حسين الاحمدي (P),,,,,
CPIS 499 - مشروع تخرج 2,32568,A11,نظري,9:00 PM - 9:50 PM,TRU,TBA,TBA,هناء علي المغربي (P),,,,,
CPIS 499 - مشروع تخرج 2,32569,A12,نظري,9:00 PM - 9:50 PM,TRU,TBA,TBA,فوزيه عقاب الزهراني (P),,,,,
CPIS 499 - مشروع تخرج 2,32572,A13,نظري,9:00 PM - 9:50 PM,TRU,TBA,TBA,هناء محمد صالح نمنكاني (P),,,,,
CPIS 499 - مشروع تخرج 2,32574,A14,نظري,9:00 PM - 9:50 PM,TRU,TBA,TBA,اروى محمود ولي (P),,,,,
CPIS 499 - مشروع تخرج 2,32576,A15,نظري,9:00 PM - 9:50 PM,TRU,TBA,TBA,مها فاروق محمد صابر (P),,,,,
CPIS 499 - مشروع تخرج 2,32546,A2,نظري,8:00 PM - 8:50 PM,TRU,TBA,TBA,ثريا احمد الغامدي (P),,,,,
CPIS 499 - مشروع تخرج 2,32552,A3,نظري,8:00 PM - 8:50 PM,TRU,TBA,TBA,امل جميل بابور (P),,,,,
CPIS 499 - مشروع تخرج 2,32553,A4,نظري,8:00 PM - 8:50 PM,TRU,TBA,TBA,ديمه حسين الاحمدي (P),,,,,
CPIS 499 - مشروع تخرج 2,32554,A5,نظري,8:00 PM - 8:50 PM,TRU,TBA,TBA,عائشه محمد مقبل (P),,,,,
CPIS 499 - مشروع تخرج 2,32557,A6,نظري,9:00 PM - 9:50 PM,TRU,TBA,TBA,سلمى محجوب عمر (P),,,,,
CPIS 499 - مشروع تخرج 2,32560,A7,نظري,7:00 PM - 7:50 PM,TRU,TBA,TBA,اروى فؤاد ديولي (P),,,,,
CPIS 499 - مشروع تخرج 2,32561,A8,نظري,7:00 PM - 7:50 PM,TRU,TBA,TBA,مها فاروق محمد صابر (P),,,,,
CPIS 499 - مشروع تخرج 2,32564,A9,نظري,8:00 PM - 8:50 PM,TRU,TBA,TBA,امينه حسن قملو (P),,,,,
CPIS 499 - مشروع تخرج 2,36489,S01,نظري,7:00 AM - 7:50 AM,TRU,TBA,TBA,TBA,,,,,
CPIS 499 - مشروع تخرج 2,36490,S02,نظري,8:00 AM - 8:50 AM,TRU,TBA,TBA,"خالد حامد اليوبي (P), وافي امجد بديوي ",,,,,
CPIS 499 - مشروع تخرج 2,36491,S03,نظري,9:00 PM - 9:50 PM,TRU,TBA,TBA,"هاني سامي برديسي (P), احمد مصطفى بلفقيه ",,,,,
CPIS 499 - مشروع تخرج 2,36492,S04,نظري,10:00 PM - 10:50 PM,TRU,TBA,TBA,"هاني سامي برديسي (P), ايمن احمد يفوز ",,,,,
CPIS 499 - مشروع تخرج 2,36493,S05,نظري,11:00 PM - 11:50 PM,TRU,TBA,TBA,"عبدالله عبدالحميد البركاتي (P), ايمن احمد يفوز ",,,,,
CPIS 499 - مشروع تخرج 2,36494,S06,نظري,6:30 AM - 7:50 AM,MW,TBA,TBA,"فؤاد شوعي على الله (P), ايمن احمد يفوز ",,,,,
CPIS 499 - مشروع تخرج 2,36495,S07,نظري,8:00 AM - 9:20 AM,MW,TBA,TBA,"حسن فؤاد لبنى (P), يوسف سعيد السناني ",,,,,
CPIS 499 - مشروع تخرج 2,36496,S08,نظري,9:00 PM - 10:20 PM,MW,TBA,TBA,"حسن فؤاد لبنى (P), يوسف سعيد السناني ",,,,,
CPIS 499 - مشروع تخرج 2,36497,S09,نظري,10:30 PM - 11:50 PM,MW,TBA,TBA,"علاء عمر خديدوس​ (P), سلطان عبدالله القرني ",,,,,
CPIS 499 - مشروع تخرج 2,36498,S10,نظري,8:00 AM - 8:50 AM,TRU,TBA,TBA,"علاء عمر خديدوس​ (P), سلطان عبدالله القرني ",,,,,
CPIS 499 - مشروع تخرج 2,36499,S11,نظري,7:00 AM - 7:50 AM,TRU,TBA,TBA,"علاء عمر خديدوس​ (P), عادل عبود باحداد ",عودة إلى السابق,,, ,
