Course_Name,Code,Section,Days,Teacher,Lab_Days,StartTime,EndTime,LabStart,LabEnd
CPCS 202 - برمجه 1,70959,AS,TRU,TBA,R,8:00 AM,8:50 AM,12:00 PM,1:20 PM
CPCS 202 - برمجه 1,64178,BAR,MW,TBA,R,8:00 AM,9:15 AM,9:30 AM,10:50 AM
CPCS 202 - برمجه 1,56801,CS1,TRU,TBA,R,1:00 PM,1:50 PM,5:30 PM,6:50 PM
CPCS 202 - برمجه 1,56275,CS2,MW,TBA,M,2:30 PM,3:50 PM,5:30 PM,6:50 PM
CPCS 202 - برمجه 1,56276,CS3,MW,TBA,U,4:00 PM,5:20 PM,11:00 AM,12:20 PM
CPCS 202 - برمجه 1,56277,CS4,M,TBA,,7:00 PM,8:20 PM,,
CPCS 202 - برمجه 1,64392,DAR,MW,TBA,R,9:30 AM,10:45 AM,11:00 AM,12:20 PM
CPCS 202 - برمجه 1,70987,ES,TRU,TBA,T,10:00 AM,10:50 AM,2:00 PM,3:20 PM
CPCS 202 - برمجه 1,70997,FS,TRU,نوف عبدالكريم ابوخضير (P),W,11:00 AM,11:50 AM,8:00 AM,9:20 AM
CPCS 202 - برمجه 1,71000,GS,MW,TBA,M,11:00 AM,12:15 PM,8:00 AM,9:20 AM
CPCS 202 - برمجه 1,56278,ST1,TRU,TBA,R,10:00 AM,10:50 AM,11:00 AM,12:20 PM
CPCS 202 - برمجه 1,56279,ST2,TRU,TBA,T,9:00 AM,9:50 AM,7:00 PM,8:20 PM
CPCS 203 - برمجه 2,73561,BCS,MW,علا عبدالرحيم الصاعدي (P),R,8:00 AM,9:15 AM,1:00 PM,2:20 PM
CPCS 203 - برمجه 2,73569,BIS,MW,عهود عبدالله الزمزمي (P),T,8:00 AM,9:15 AM,9:30 AM,10:50 AM
CPCS 203 - برمجه 2,73574,BIT,MW,عبير عادل الهذلي (P),U,8:00 AM,9:15 AM,9:30 AM,10:50 AM
CPCS 203 - برمجه 2,56280,C10,TRU,TBA,W,4:00 PM,4:50 PM,5:30 PM,6:50 PM
CPCS 203 - برمجه 2,56281,C11,MW,TBA,M,9:30 AM,10:50 AM,5:30 PM,6:50 PM
CPCS 203 - برمجه 2,56282,C12,MW,TBA,T,9:30 AM,10:50 AM,5:30 PM,6:50 PM
CPCS 203 - برمجه 2,56283,CS1,TRU,TBA,R,4:00 PM,4:50 PM,5:30 PM,6:50 PM
CPCS 203 - برمجه 2,56284,CS2,MW,TBA,U,9:30 AM,10:50 AM,5:30 PM,6:50 PM
CPCS 203 - برمجه 2,56285,CS3,TRU,TBA,W,4:00 PM,4:50 PM,5:30 PM,6:50 PM
CPCS 203 - برمجه 2,56286,CS4,TRU,TBA,U,10:00 AM,10:50 AM,7:00 PM,8:20 PM
CPCS 203 - برمجه 2,56287,CS5,MW,TBA,T,11:00 AM,12:20 PM,5:30 PM,6:50 PM
CPCS 203 - برمجه 2,56288,CS6,TRU,TBA,U,2:00 PM,2:50 PM,5:30 PM,6:50 PM
CPCS 203 - برمجه 2,56289,CS7,TRU,TBA,T,1:00 PM,1:50 PM,7:00 PM,8:20 PM
CPCS 203 - برمجه 2,56290,CS8,TRU,TBA,W,9:00 AM,9:50 AM,7:00 PM,8:20 PM
CPCS 203 - برمجه 2,56291,CS9,M,TBA,TRU,7:00 PM,8:20 PM,3:00 PM,3:50 PM
CPCS 203 - برمجه 2,73566,DCS,MW,علا عبدالرحيم الصاعدي (P),T,9:30 AM,10:45 AM,1:00 PM,2:20 PM
CPCS 203 - برمجه 2,73570,DIS,MW,رشا طلال مرزا (P),T,9:30 AM,10:45 AM,1:00 PM,2:20 PM
CPCS 203 - برمجه 2,73575,DIT,MW,هيلين جميل بخش​ (P),T,9:30 AM,10:45 AM,8:00 AM,9:20 AM
CPCS 203 - برمجه 2,73567,GCS,MW,لمى عبدالعزيز الخزيم (P),U,11:00 AM,12:15 PM,1:00 PM,2:20 PM
CPCS 203 - برمجه 2,73571,GIS,MW,هيلين جميل بخش​ (P),R,11:00 AM,12:15 PM,8:00 AM,9:20 AM
CPCS 203 - برمجه 2,73576,GIT,MW,علا عبدالرحيم الصاعدي (P),U,11:00 AM,12:15 PM,8:00 AM,9:20 AM
CPCS 203 - برمجه 2,73568,ICS,MW,لمى عبدالعزيز الخزيم (P),U,1:00 PM,2:15 PM,9:30 AM,10:50 AM
CPCS 203 - برمجه 2,73572,IIS,MW,هيلين جميل بخش​ (P),R,1:00 PM,2:15 PM,9:30 AM,10:50 AM
CPCS 203 - برمجه 2,73577,IIT,MW,عبير عادل الهذلي (P),T,1:00 PM,2:15 PM,9:30 AM,10:50 AM
CPCS 204 - تراكيب البيانات -1-,56292,CS1,TRU,TBA,T,3:00 PM,3:50 PM,5:30 PM,6:50 PM
CPCS 204 - تراكيب البيانات -1-,56293,CS2,TRU,TBA,W,4:00 PM,4:50 PM,7:00 PM,8:20 PM
CPCS 204 - تراكيب البيانات -1-,56294,CS3,MW,TBA,M,1:00 PM,2:20 PM,7:00 PM,8:20 PM
CPCS 204 - تراكيب البيانات -1-,73608,DTS,MW,سمر محمد الخريجى (P),W,9:30 AM,10:45 AM,8:00 AM,9:20 AM
CPCS 204 - تراكيب البيانات -1-,73605,GCS,MW,سمر محمد الخريجى (P),W,11:00 AM,12:15 PM,9:30 AM,10:50 AM
CPCS 206 - اساسيات البرمجة,73658,AAR,TRU,خلود عابدين زين العابدين (P),,8:00 AM,8:50 AM,,
CPCS 206 - اساسيات البرمجة,75185,BAR,MW,TBA,,8:00 AM,9:15 AM,,
CPCS 206 - اساسيات البرمجة,75186,DAR,MW,TBA,,9:30 AM,10:45 AM,,
CPCS 206 - اساسيات البرمجة,73659,EAR,TRU,خلود عابدين زين العابدين (P),,10:00 AM,10:50 AM,,
CPCS 206 - اساسيات البرمجة,73660,FAR,TRU,خلود عابدين زين العابدين (P),,11:00 AM,11:50 AM,,
CPCS 206 - اساسيات البرمجة,75187,GAR,MW,TBA,,11:00 AM,12:15 PM,,
CPCS 206 - اساسيات البرمجة,75188,IAR,MW,TBA,,1:00 PM,2:15 PM,,
CPCS 206 - اساسيات البرمجة,56296,MI1,TRU,TBA,,3:00 PM,3:50 PM,,
CPCS 206 - اساسيات البرمجة,56297,MI2,MW,TBA,,11:00 AM,12:20 PM,,
CPCS 206 - اساسيات البرمجة,73661,VAR,TRU,خلود عابدين زين العابدين (P),,12:00 PM,12:50 PM,عودة إلى السابق,
CPCS 211 - تصميم منطق رقمي,56298,CS1,TRU,TBA,U,9:00 AM,9:50 AM,11:00 AM,12:20 PM
CPCS 211 - تصميم منطق رقمي,56299,CS2,TRU,TBA,R,3:00 PM,3:50 PM,5:30 PM,6:50 PM
CPCS 211 - تصميم منطق رقمي,56300,CS3,MW,TBA,U,4:00 PM,5:20 PM,5:30 PM,6:50 PM
CPCS 211 - تصميم منطق رقمي,73610,IAR,MW,ندى عمر باجنيد (P),M,1:00 PM,2:15 PM,9:30 AM,10:50 AM
CPCS 212 - رياضيات تطبيقية للحوسبة-1-,56301,CS1,MW,TBA,T,11:00 AM,12:20 PM,7:00 PM,8:20 PM
CPCS 212 - رياضيات تطبيقية للحوسبة-1-,56302,CS2,MW,TBA,W,1:00 PM,2:20 PM,7:00 PM,8:20 PM
CPCS 212 - رياضيات تطبيقية للحوسبة-1-,56303,CS3,TRU,TBA,U,9:00 AM,9:50 AM,11:00 AM,12:20 PM
CPCS 212 - رياضيات تطبيقية للحوسبة-1-,73612,VAR,TRU,TBA,U,12:00 PM,12:50 PM,9:30 AM,10:50 AM
CPCS 214 - تنظيم وبنيان الحاسبات,73616,AAR,TRU,ليلى ناصف محمد (P),W,8:00 AM,8:50 AM,11:00 AM,12:20 PM
CPCS 214 - تنظيم وبنيان الحاسبات,73619,CAR,M,TBA,TRU,9:30 AM,10:50 AM,9:00 AM,9:50 AM
CPCS 214 - تنظيم وبنيان الحاسبات,73622,CBR,M,TBA,TRU,11:00 AM,12:20 PM,9:00 AM,9:50 AM
CPCS 214 - تنظيم وبنيان الحاسبات,56304,CS1,MW,TBA,R,9:30 AM,10:50 AM,5:30 PM,6:50 PM
CPCS 214 - تنظيم وبنيان الحاسبات,56305,CS2,MW,TBA,U,4:00 PM,5:20 PM,11:00 AM,12:20 PM
CPCS 214 - تنظيم وبنيان الحاسبات,56306,CS3,TRU,TBA,R,9:00 AM,9:50 AM,7:00 PM,8:20 PM
CPCS 214 - تنظيم وبنيان الحاسبات,73621,EAR,TRU,ليلى ناصف محمد (P),W,10:00 AM,10:50 AM,9:30 AM,10:50 AM
CPCS 222 - تراكيب متقطعة 1,73585,ACS,TRU,سميه عبدالله البرادعي (P),W,8:00 AM,8:50 AM,8:00 AM,9:20 AM
CPCS 222 - تراكيب متقطعة 1,73591,AIS,M,TBA,TRU,11:00 AM,12:20 PM,8:00 AM,8:50 AM
CPCS 222 - تراكيب متقطعة 1,73588,CCS,M,TBA,TRU,8:00 AM,9:20 AM,9:00 AM,9:50 AM
CPCS 222 - تراكيب متقطعة 1,73592,CIS,M,TBA,TRU,8:00 AM,9:20 AM,9:00 AM,9:50 AM
CPCS 222 - تراكيب متقطعة 1,56307,CS1,MW,TBA,T,4:00 PM,5:20 PM,5:30 PM,6:50 PM
CPCS 222 - تراكيب متقطعة 1,56308,CS2,MW,TBA,M,11:00 AM,12:20 PM,7:00 PM,8:20 PM
CPCS 222 - تراكيب متقطعة 1,56309,CS3,MW,TBA,W,1:00 PM,2:20 PM,7:00 PM,8:20 PM
CPCS 222 - تراكيب متقطعة 1,56310,CS4,TRU,TBA,W,3:00 PM,3:50 PM,5:30 PM,6:50 PM
CPCS 222 - تراكيب متقطعة 1,56311,CS5,TRU,TBA,R,9:00 AM,9:50 AM,5:30 PM,6:50 PM
CPCS 222 - تراكيب متقطعة 1,56312,CS6,TRU,TBA,R,4:00 PM,4:50 PM,5:30 PM,6:50 PM
CPCS 222 - تراكيب متقطعة 1,56313,CS7,M,TBA,TRU,5:30 PM,6:50 PM,10:00 AM,10:50 AM
CPCS 222 - تراكيب متقطعة 1,56314,CS8,MW,TBA,R,1:00 PM,2:20 PM,5:30 PM,6:50 PM
CPCS 222 - تراكيب متقطعة 1,56315,CS9,MW,TBA,R,1:00 PM,2:20 PM,5:30 PM,6:50 PM
CPCS 222 - تراكيب متقطعة 1,73602,EBT,TRU,ناهد عبدالعزيز العويضي (P),W,10:00 AM,10:50 AM,9:30 AM,10:50 AM
CPCS 222 - تراكيب متقطعة 1,73589,ECS,TRU,نوف عاتق الغانمي (P),W,10:00 AM,10:50 AM,11:00 AM,12:20 PM
CPCS 222 - تراكيب متقطعة 1,73595,EIS,TRU,سميه عبدالله البرادعي (P),W,10:00 AM,10:50 AM,8:00 AM,9:20 AM
CPCS 222 - تراكيب متقطعة 1,73600,EIT,M,TBA,TRU,11:00 AM,12:20 PM,10:00 AM,10:50 AM
CPCS 222 - تراكيب متقطعة 1,73597,HIT,TRU,ناهد عبدالعزيز العويضي (P),W,1:00 PM,1:50 PM,11:00 AM,12:20 PM
CPCS 222 - تراكيب متقطعة 1,73590,VCS,M,TBA,TRU,11:00 AM,12:20 PM,12:00 PM,12:50 PM
CPCS 222 - تراكيب متقطعة 1,73599,VIS,TRU,TBA,W,12:00 PM,12:50 PM,11:00 AM,12:20 PM
CPCS 222 - تراكيب متقطعة 1,73596,VIT,M,TBA,TRU,9:30 AM,10:50 AM,12:00 PM,12:50 PM
CPCS 223 - تحليل وتصميم خوارزميات,73632,AAR,TRU,هاجر محمدصالح الحربي (P),T,8:00 AM,8:50 AM,1:00 PM,2:20 PM
CPCS 223 - تحليل وتصميم خوارزميات,73631,CAR,TRU,هاجر محمدصالح الحربي (P),R,9:00 AM,9:50 AM,1:00 PM,2:20 PM
CPCS 223 - تحليل وتصميم خوارزميات,56316,CS1,MW,TBA,M,11:00 AM,12:20 PM,7:00 PM,8:20 PM
CPCS 223 - تحليل وتصميم خوارزميات,56317,CS2,TRU,TBA,W,1:00 PM,1:50 PM,7:00 PM,8:20 PM
CPCS 223 - تحليل وتصميم خوارزميات,56318,CS3,MW,TBA,M,4:00 PM,5:20 PM,5:30 PM,6:50 PM
CPCS 223 - تحليل وتصميم خوارزميات,73630,EAR,TRU,حنان جبر الاحمدي (P),U,10:00 AM,10:50 AM,1:00 PM,2:20 PM
CPCS 223 - تحليل وتصميم خوارزميات,73634,VAR,TRU,حنان جبر الاحمدي (P),T,12:00 PM,12:50 PM,2:30 PM,3:50 PM
CPCS 241 - قواعد بيانات 1,73663,BAR,MW,امل عبدالله المنصور (P),W,8:00 AM,9:15 AM,9:30 AM,10:50 AM
CPCS 241 - قواعد بيانات 1,56319,CS1,TRU,TBA,U,2:00 PM,2:50 PM,11:00 AM,12:20 PM
CPCS 241 - قواعد بيانات 1,56320,CS2,MW,TBA,W,2:30 PM,3:50 PM,7:00 PM,8:20 PM
CPCS 241 - قواعد بيانات 1,56321,CS3,MW,TBA,U,1:00 PM,2:20 PM,5:30 PM,6:50 PM
CPCS 241 - قواعد بيانات 1,73664,DAR,MW,امل عبدالله المنصور (P),M,9:30 AM,10:45 AM,11:00 AM,12:20 PM
CPCS 241 - قواعد بيانات 1,73665,GAR,MW,رشا طلال مرزا (P),M,11:00 AM,12:15 PM,9:30 AM,10:50 AM
CPCS 241 - قواعد بيانات 1,73666,IAR,MW,رشا طلال مرزا (P),W,1:00 PM,2:15 PM,8:00 AM,9:20 AM
CPCS 301 - لغات برمجة,73637,BAR,MW,رانيا عبدالرحمن مله (P),T,8:00 AM,9:15 AM,1:00 PM,2:20 PM
CPCS 301 - لغات برمجة,56322,CS1,TRU,TBA,U,9:00 AM,9:50 AM,7:00 PM,8:20 PM
CPCS 301 - لغات برمجة,56323,CS2,TRU,TBA,W,10:00 AM,10:50 AM,5:30 PM,6:50 PM
CPCS 301 - لغات برمجة,56324,CS3,M,TBA,TRU,7:00 PM,8:20 PM,1:00 PM,1:50 PM
CPCS 301 - لغات برمجة,73640,DAR,MW,رانيا عبدالرحمن مله (P),R,9:30 AM,10:45 AM,2:30 PM,3:50 PM
CPCS 301 - لغات برمجة,73643,GAR,MW,لولوه محمد الحريقي (P),U,11:00 AM,12:15 PM,1:00 PM,2:20 PM
CPCS 301 - لغات برمجة,73641,IAR,MW,لولوه محمد الحريقي (P),R,1:00 PM,2:15 PM,1:00 PM,2:20 PM
CPCS 302 - بناء المترجمات,73679,BAR,MW,الاء عبدالله بافيل (P),W,8:00 AM,9:15 AM,11:00 AM,12:20 PM
CPCS 302 - بناء المترجمات,56325,CS1,MW,TBA,R,4:00 PM,5:20 PM,7:00 PM,8:20 PM
CPCS 302 - بناء المترجمات,56326,CS2,TRU,TBA,R,2:00 PM,2:50 PM,5:30 PM,6:50 PM
CPCS 302 - بناء المترجمات,56327,CS3,TRU,TBA,U,9:00 AM,9:50 AM,11:00 AM,12:20 PM
CPCS 302 - بناء المترجمات,73681,DAR,MW,سلطانه محمد الشمري (P),W,9:30 AM,10:45 AM,8:00 AM,9:20 AM
CPCS 302 - بناء المترجمات,73682,GAR,MW,سلطانه محمد الشمري (P),W,11:00 AM,12:15 PM,9:30 AM,10:50 AM
CPCS 302 - بناء المترجمات,73683,IAR,MW,سلطانه محمد الشمري (P),W,1:00 PM,2:15 PM,2:30 PM,3:50 PM
CPCS 324 - خوارزميات وهياكل بيانات 2,56339,CS1,TRU,TBA,U,10:00 AM,10:50 AM,11:00 AM,12:20 PM
CPCS 324 - خوارزميات وهياكل بيانات 2,56340,CS2,MW,TBA,U,1:00 PM,2:20 PM,7:00 PM,8:20 PM
CPCS 324 - خوارزميات وهياكل بيانات 2,56341,CS3,TRU,TBA,W,2:00 PM,2:50 PM,2:30 PM,3:50 PM
CPCS 331 - ذكاء اصطناعي 1,56342,CS1,MW,TBA,R,4:00 PM,5:20 PM,11:00 AM,12:20 PM
CPCS 331 - ذكاء اصطناعي 1,56343,CS2,TRU,TBA,T,3:00 PM,3:50 PM,5:30 PM,6:50 PM
CPCS 331 - ذكاء اصطناعي 1,56344,CS3,TRU,TBA,W,2:00 PM,2:50 PM,5:30 PM,6:50 PM
CPCS 335 - أساسيات الذكاء الاصطناعي,67652,AA,MW,TBA,,9:30 AM,10:45 AM,,
CPCS 335 - أساسيات الذكاء الاصطناعي,61353,AIE,TRU,TBA,,10:00 AM,10:50 AM,,
CPCS 335 - أساسيات الذكاء الاصطناعي,73839,F1,MW,نوف عاتق الغانمي (P),,4:00 PM,5:15 PM,,
CPCS 335 - أساسيات الذكاء الاصطناعي,73842,F2,MW,كوثر مصطفى موريا (P),,5:30 PM,6:45 PM,,
CPCS 335 - أساسيات الذكاء الاصطناعي,73843,F3,MW,TBA,,7:00 PM,8:15 PM,,
CPCS 335 - أساسيات الذكاء الاصطناعي,56345,U1,TRU,TBA,,4:00 PM,4:50 PM,,
CPCS 335 - أساسيات الذكاء الاصطناعي,56346,U10,MW,TBA,,9:00 PM,10:20 PM,,
CPCS 335 - أساسيات الذكاء الاصطناعي,56347,U2,TRU,TBA,,5:00 PM,5:50 PM,,
CPCS 335 - أساسيات الذكاء الاصطناعي,56348,U3,TRU,TBA,,6:00 PM,6:50 PM,,
CPCS 335 - أساسيات الذكاء الاصطناعي,56349,U4,TRU,TBA,,7:00 PM,7:50 PM,,
CPCS 335 - أساسيات الذكاء الاصطناعي,56350,U5,TRU,TBA,,8:00 PM,8:50 PM,,
CPCS 335 - أساسيات الذكاء الاصطناعي,56351,U6,TRU,TBA,,9:00 PM,9:50 PM,,
CPCS 335 - أساسيات الذكاء الاصطناعي,56352,U7,MW,TBA,,4:00 PM,5:20 PM,,
CPCS 335 - أساسيات الذكاء الاصطناعي,56353,U8,MW,TBA,,6:00 PM,7:20 PM,,
CPCS 335 - أساسيات الذكاء الاصطناعي,56354,U9,MW,TBA,,7:30 PM,8:50 PM,عودة إلى السابق,
CPCS 336 - مقدمة في الذكاء الاصطناعي,70422,AA,MW,TBA,,1:00 PM,2:15 PM,,
CPCS 336 - مقدمة في الذكاء الاصطناعي,61354,AIA,TRU,TBA,,11:00 AM,11:50 AM,,
CPCS 336 - مقدمة في الذكاء الاصطناعي,73777,CMA,MW,اروى محمد باصبرين (P),,4:00 PM,5:15 PM,,
CPCS 336 - مقدمة في الذكاء الاصطناعي,73786,CMB,MW,اريج عباس​ مليباري (P),,4:00 PM,5:15 PM,,
CPCS 336 - مقدمة في الذكاء الاصطناعي,73788,CMC,MW,اريج عباس​ مليباري (P),,5:30 PM,6:45 PM,,
CPCS 336 - مقدمة في الذكاء الاصطناعي,73790,CMD,MW,ندى عمر باجنيد (P),,5:30 PM,6:45 PM,,
CPCS 336 - مقدمة في الذكاء الاصطناعي,73791,CME,MW,ندى عمر باجنيد (P),,7:00 PM,8:15 PM,,
CPCS 336 - مقدمة في الذكاء الاصطناعي,73793,CMF,MW,TBA,,7:00 PM,8:15 PM,,
CPCS 336 - مقدمة في الذكاء الاصطناعي,73780,CMG,TRU,لمياء فؤاد داغستانى (P),,4:00 PM,4:50 PM,,
CPCS 336 - مقدمة في الذكاء الاصطناعي,73795,CMH,TRU,TBA,,4:00 PM,4:50 PM,,
CPCS 336 - مقدمة في الذكاء الاصطناعي,73798,CMI,TRU,لمياء فؤاد داغستانى (P),,5:00 PM,5:50 PM,,
CPCS 336 - مقدمة في الذكاء الاصطناعي,73802,CMJ,TRU,TBA,,5:00 PM,5:50 PM,,
CPCS 336 - مقدمة في الذكاء الاصطناعي,73804,CMK,TRU,لمياء فؤاد داغستانى (P),,6:00 PM,6:50 PM,,
CPCS 336 - مقدمة في الذكاء الاصطناعي,73805,CML,TRU,TBA,,6:00 PM,6:50 PM,,
CPCS 336 - مقدمة في الذكاء الاصطناعي,73809,F1,MW,TBA,,5:30 PM,6:45 PM,,
CPCS 336 - مقدمة في الذكاء الاصطناعي,73827,F2,TRU,TBA,,5:00 PM,5:50 PM,,
CPCS 336 - مقدمة في الذكاء الاصطناعي,73828,F3,TRU,TBA,,6:00 PM,6:50 PM,,
CPCS 336 - مقدمة في الذكاء الاصطناعي,73835,F4,TRU,TBA,,4:00 PM,4:50 PM,,
CPCS 336 - مقدمة في الذكاء الاصطناعي,73807,IT,MW,TBA,,5:30 PM,6:45 PM,,
CPCS 336 - مقدمة في الذكاء الاصطناعي,73836,IT1,MW,TBA,,7:00 PM,8:15 PM,,
CPCS 336 - مقدمة في الذكاء الاصطناعي,73782,TUA,MW,TBA,,4:00 PM,5:15 PM,,
CPCS 336 - مقدمة في الذكاء الاصطناعي,73794,TUB,TRU,TBA,,4:00 PM,4:50 PM,,
CPCS 336 - مقدمة في الذكاء الاصطناعي,56355,U1,TRU,TBA,,4:00 PM,4:50 PM,,
CPCS 336 - مقدمة في الذكاء الاصطناعي,56356,U10,MW,TBA,,9:00 PM,10:20 PM,,
CPCS 336 - مقدمة في الذكاء الاصطناعي,56357,U2,TRU,TBA,,5:00 PM,5:50 PM,,
CPCS 336 - مقدمة في الذكاء الاصطناعي,56358,U3,TRU,TBA,,6:00 PM,6:50 PM,,
CPCS 336 - مقدمة في الذكاء الاصطناعي,56359,U4,TRU,TBA,,7:00 PM,7:50 PM,,
CPCS 336 - مقدمة في الذكاء الاصطناعي,56360,U5,TRU,TBA,,8:00 PM,8:50 PM,,
CPCS 336 - مقدمة في الذكاء الاصطناعي,56361,U6,TRU,TBA,,9:00 PM,9:50 PM,,
CPCS 336 - مقدمة في الذكاء الاصطناعي,56362,U7,MW,TBA,,4:00 PM,5:20 PM,,
CPCS 336 - مقدمة في الذكاء الاصطناعي,56363,U8,MW,TBA,,6:00 PM,7:20 PM,,
CPCS 336 - مقدمة في الذكاء الاصطناعي,56364,U9,MW,TBA,,7:30 PM,8:50 PM,عودة إلى السابق,
CPCS 351 - هندسة برمجيات 1,56365,CS1,TRU,TBA,W,4:00 PM,4:50 PM,5:30 PM,6:50 PM
CPCS 351 - هندسة برمجيات 1,56366,CS2,MW,TBA,U,2:30 PM,3:50 PM,5:30 PM,6:50 PM
CPCS 351 - هندسة برمجيات 1,56367,CS3,TRU,TBA,R,9:00 AM,9:50 AM,7:00 PM,8:20 PM
CPCS 353 - تطبيقات عملية في هندسة البرمجي,73713,BAR,MW,الاء عبدالله بافيل (P),,11:00 AM,12:15 PM,,
CPCS 353 - تطبيقات عملية في هندسة البرمجي,73714,DAR,MW,الاء عبدالله بافيل (P),,9:30 AM,10:45 AM,عودة إلى السابق,
CPCS 361 - نظم تشغيل 1,56368,CS1,M,TBA,TRU,5:30 PM,6:50 PM,9:00 AM,9:50 AM
CPCS 361 - نظم تشغيل 1,56369,CS2,MW,TBA,R,2:30 PM,3:50 PM,11:00 AM,12:20 PM
CPCS 371 - شبكات حاسب 1,56370,CS1,M,TBA,TRU,5:30 PM,6:50 PM,1:00 PM,1:50 PM
CPCS 371 - شبكات حاسب 1,56371,CS2,MW,TBA,U,9:30 AM,10:50 AM,5:30 PM,6:50 PM
CPCS 371 - شبكات حاسب 1,56372,CS3,TRU,TBA,R,1:00 PM,1:50 PM,5:30 PM,6:50 PM
CPCS 381 - تفاعل الانسان والحاسب 1,73685,AAR,TU,نوف عبدالكريم ابوخضير (P),R,8:00 AM,8:50 AM,8:00 AM,8:50 AM
CPCS 381 - تفاعل الانسان والحاسب 1,73686,CAR,TU,نوف عبدالكريم ابوخضير (P),R,9:00 AM,9:50 AM,9:00 AM,9:50 AM
CPCS 381 - تفاعل الانسان والحاسب 1,56373,CS1,TU,TBA,R,4:00 PM,4:50 PM,5:30 PM,6:20 PM
CPCS 381 - تفاعل الانسان والحاسب 1,56374,CS2,TU,TBA,R,4:00 PM,4:50 PM,7:00 PM,8:20 PM
CPCS 381 - تفاعل الانسان والحاسب 1,56375,CS3,M,TBA,TU,7:00 PM,8:20 PM,2:00 PM,2:50 PM
CPCS 381 - تفاعل الانسان والحاسب 1,73687,EAR,TU,نوف عبدالكريم ابوخضير (P),R,10:00 AM,10:50 AM,10:00 AM,10:50 AM
CPCS 391 - رسوم حاسب 1,73690,BAR,MW,هديل رضاء سروجي (P),W,8:00 AM,9:15 AM,9:30 AM,10:50 AM
CPCS 391 - رسوم حاسب 1,56376,CS,TRU,TBA,R,3:00 PM,3:50 PM,5:30 PM,6:50 PM
CPCS 391 - رسوم حاسب 1,56377,CS1,MW,TBA,R,9:30 AM,10:50 AM,11:00 AM,12:20 PM
CPCS 391 - رسوم حاسب 1,73692,DAR,MW,هديل رضاء سروجي (P),M,9:30 AM,10:45 AM,11:00 AM,12:20 PM
CPCS 391 - رسوم حاسب 1,73693,GAR,MW,هديل رضاء سروجي (P),M,11:00 AM,12:15 PM,8:00 AM,9:20 AM
CPCS 391 - رسوم حاسب 1,73694,IAR,MW,هديل رضاء سروجي (P),M,1:00 PM,2:15 PM,9:30 AM,10:50 AM
CPCS 403 - برمجة تطبيقات انترنت,56378,CS1,MW,TBA,,9:30 AM,10:50 AM,,
CPCS 403 - برمجة تطبيقات انترنت,73700,GAR,MW,مي احمد فاضل (P),,11:00 AM,12:15 PM,,
CPCS 403 - برمجة تطبيقات انترنت,73701,IAR,MW,مي احمد فاضل (P),,1:00 PM,2:15 PM,عودة إلى السابق,
CPCS 405 - موضوعات في تقنية البرمجة,56379,CS1,TRU,TBA,,9:00 AM,9:50 AM,عودة إلى السابق,
CPCS 425 - أمن معلومات,73708,01,MW,عبير عادل الهذلي (P),,11:00 AM,12:15 PM,,
CPCS 425 - أمن معلومات,73710,IAR,MW,حنان جبر الاحمدي (P),,1:00 PM,2:15 PM,عودة إلى السابق,
CPCS 432 - ذكاء اصطناعي 2,73702,AAR,TRU,اروى محمد باصبرين (P),,8:00 AM,8:50 AM,,
CPCS 432 - ذكاء اصطناعي 2,73706,CAR,TRU,اروى محمد باصبرين (P),,9:00 AM,9:50 AM,عودة إلى السابق,
CPCS 433 - موضوعات ذكاء اصطناعي,56380,CS1,MW,TBA,,11:00 AM,12:20 PM,,
CPCS 433 - موضوعات ذكاء اصطناعي,73717,EAR,TRU,حنين رضا بنجر (P),,10:00 AM,10:50 AM,عودة إلى السابق,
CPCS 454 - تحليل وتصميم شيئي,56381,CS1,TU,TBA,,11:00 AM,12:20 PM,عودة إلى السابق,
CPCS 457 - نظرية هندسة البرمجيات,73719,GAR,MW,TBA,,8:00 AM,9:15 AM,عودة إلى السابق,
CPCS 463 - أمن نظم الحوسبة,56382,CS1,TRU,TBA,,4:00 PM,4:50 PM,عودة إلى السابق,
CPCS 464 - حوسبة موثوقة,73696,BAR,MW,TBA,,8:00 AM,9:15 AM,,
CPCS 464 - حوسبة موثوقة,73699,DAR,MW,TBA,,9:30 AM,10:45 AM,عودة إلى السابق,
CPCS 494 - موضوعات مختارة,56383,CS1,MW,TBA,,11:00 AM,12:20 PM,عودة إلى السابق,
CPCS 498 - مشروع تخرج 1,70278,01,TRU,TBA,,8:00 PM,8:50 PM,,
CPCS 498 - مشروع تخرج 1,70279,02,TRU,TBA,,8:00 PM,8:50 PM,,
CPCS 498 - مشروع تخرج 1,72963,03,TRU,TBA,,8:00 PM,8:50 PM,,
CPCS 498 - مشروع تخرج 1,72993,04,TRU,TBA,,9:00 PM,9:50 PM,,
CPCS 498 - مشروع تخرج 1,72994,05,TRU,TBA,,9:00 PM,9:50 PM,,
CPCS 498 - مشروع تخرج 1,56384,C01,TRU,TBA,,7:00 AM,7:50 AM,,
CPCS 498 - مشروع تخرج 1,56385,C02,TRU,TBA,,8:00 AM,8:50 AM,,
CPCS 498 - مشروع تخرج 1,56386,C03,TRU,TBA,,9:00 PM,9:50 PM,,
CPCS 498 - مشروع تخرج 1,56387,C04,TRU,TBA,,10:00 PM,10:50 PM,,
CPCS 498 - مشروع تخرج 1,56388,C05,TRU,TBA,,11:00 PM,11:50 PM,,
CPCS 498 - مشروع تخرج 1,56389,C06,TRU,TBA,,7:00 AM,7:50 AM,,
CPCS 498 - مشروع تخرج 1,56390,C07,TRU,TBA,,8:00 AM,8:50 AM,,
CPCS 498 - مشروع تخرج 1,56391,C08,TRU,TBA,,9:00 PM,9:50 PM,,
CPCS 498 - مشروع تخرج 1,56392,C09,TRU,TBA,,10:00 PM,10:50 PM,,
CPCS 498 - مشروع تخرج 1,56393,C10,TRU,TBA,,11:00 PM,11:50 PM,عودة إلى السابق,
CPCS 499 - مشروع تخرج 2,73724,01,TRU,TBA,,8:00 PM,8:50 PM,,
CPCS 499 - مشروع تخرج 2,73727,02,TRU,TBA,,8:00 PM,8:50 PM,,
CPCS 499 - مشروع تخرج 2,73728,03,TRU,TBA,,8:00 PM,8:50 PM,,
CPCS 499 - مشروع تخرج 2,73729,04,TRU,TBA,,8:00 PM,8:50 PM,,
CPCS 499 - مشروع تخرج 2,73730,05,TRU,TBA,,8:00 PM,8:50 PM,,
CPCS 499 - مشروع تخرج 2,73732,06,TRU,TBA,,8:00 PM,8:50 PM,,
CPCS 499 - مشروع تخرج 2,73733,07,TRU,TBA,,8:00 PM,8:50 PM,,
CPCS 499 - مشروع تخرج 2,73734,08,TRU,TBA,,8:00 PM,8:50 PM,,
CPCS 499 - مشروع تخرج 2,73735,09,TRU,TBA,,8:00 PM,8:50 PM,,
CPCS 499 - مشروع تخرج 2,73736,10,TRU,TBA,,8:00 PM,8:50 PM,,
CPCS 499 - مشروع تخرج 2,73738,11,TRU,TBA,,8:00 PM,8:50 PM,,
CPCS 499 - مشروع تخرج 2,73741,12,TRU,TBA,,8:00 PM,8:50 PM,,
CPCS 499 - مشروع تخرج 2,73742,13,TRU,TBA,,8:00 PM,8:50 PM,,
CPCS 499 - مشروع تخرج 2,73743,14,TRU,TBA,,8:00 PM,8:50 PM,,
CPCS 499 - مشروع تخرج 2,73744,15,TRU,TBA,,8:00 PM,8:50 PM,,
CPCS 499 - مشروع تخرج 2,73745,16,TRU,TBA,,8:00 PM,8:50 PM,,
CPCS 499 - مشروع تخرج 2,73747,17,TRU,TBA,,8:00 PM,8:50 PM,,
CPCS 499 - مشروع تخرج 2,73748,18,TRU,TBA,,8:00 PM,8:50 PM,,
CPCS 499 - مشروع تخرج 2,73749,19,TRU,TBA,,9:00 PM,9:50 PM,,
CPCS 499 - مشروع تخرج 2,73751,20,TRU,TBA,,9:00 PM,9:50 PM,,
CPCS 499 - مشروع تخرج 2,73752,21,TRU,TBA,,9:00 PM,9:50 PM,,
CPCS 499 - مشروع تخرج 2,73753,22,TRU,TBA,,9:00 PM,9:50 PM,,
CPCS 499 - مشروع تخرج 2,73755,23,TRU,TBA,,9:00 PM,9:50 PM,,
CPCS 499 - مشروع تخرج 2,73756,24,TRU,TBA,,9:00 PM,9:50 PM,,
CPCS 499 - مشروع تخرج 2,73757,25,TRU,TBA,,9:00 PM,9:50 PM,,
CPCS 499 - مشروع تخرج 2,73759,26,TRU,TBA,,9:00 PM,9:50 PM,,
CPCS 499 - مشروع تخرج 2,73761,27,TRU,TBA,,9:00 PM,9:50 PM,,
CPCS 499 - مشروع تخرج 2,73762,28,TRU,TBA,,9:00 PM,9:50 PM,,
CPCS 499 - مشروع تخرج 2,73763,29,TRU,TBA,,9:00 PM,9:50 PM,,
CPCS 499 - مشروع تخرج 2,73764,30,TRU,TBA,,9:00 PM,9:50 PM,,
CPCS 499 - مشروع تخرج 2,73765,31,TRU,TBA,,9:00 PM,9:50 PM,,
CPCS 499 - مشروع تخرج 2,56394,C01,TRU,TBA,,7:00 AM,7:50 AM,,
CPCS 499 - مشروع تخرج 2,56395,C02,TRU,TBA,,8:00 AM,8:50 AM,,
CPCS 499 - مشروع تخرج 2,56396,C03,TRU,TBA,,9:00 PM,9:50 PM,,
CPCS 499 - مشروع تخرج 2,56397,C04,TRU,TBA,,10:00 PM,10:50 PM,,
CPCS 499 - مشروع تخرج 2,56398,C05,TRU,TBA,,11:00 PM,11:50 PM,,
CPCS 499 - مشروع تخرج 2,56399,C06,TRU,TBA,,7:00 AM,7:50 AM,,
CPCS 499 - مشروع تخرج 2,56400,C07,TRU,TBA,,8:00 AM,8:50 AM,,
CPCS 499 - مشروع تخرج 2,56401,C08,TRU,TBA,,9:00 PM,9:50 PM,,
CPCS 499 - مشروع تخرج 2,56402,C09,TRU,TBA,,10:00 PM,10:50 PM,,
CPCS 499 - مشروع تخرج 2,56403,C10,TRU,TBA,,11:00 PM,11:50 PM,,
CPCS 499 - مشروع تخرج 2,56404,C11,TRU,TBA,,7:00 AM,7:50 AM,,
CPCS 499 - مشروع تخرج 2,56405,C12,TRU,TBA,,8:00 AM,8:50 AM,,
CPCS 499 - مشروع تخرج 2,56406,C13,TRU,TBA,,9:00 PM,9:50 PM,,
CPCS 499 - مشروع تخرج 2,56407,C14,TRU,TBA,,10:00 PM,10:50 PM,,
CPCS 499 - مشروع تخرج 2,56408,C15,TRU,TBA,,11:00 PM,11:50 PM,,
CPCS 499 - مشروع تخرج 2,56409,C16,TRU,TBA,,7:00 AM,7:50 AM,,
CPCS 499 - مشروع تخرج 2,56410,C17,TRU,TBA,,8:00 AM,8:50 AM,,
CPCS 499 - مشروع تخرج 2,56411,C18,TRU,TBA,,9:00 PM,9:50 PM,,
CPCS 499 - مشروع تخرج 2,56412,C19,TRU,TBA,,10:00 PM,10:50 PM,,
CPCS 499 - مشروع تخرج 2,56413,C20,TRU,TBA,,11:00 PM,11:50 PM,,
CPCS 499 - مشروع تخرج 2,56414,C21,TRU,TBA,,7:00 AM,7:50 AM,,
CPCS 499 - مشروع تخرج 2,56415,C22,TRU,TBA,,8:00 AM,8:50 AM,,
CPCS 499 - مشروع تخرج 2,56416,C23,TRU,TBA,,9:00 PM,9:50 PM,,
CPCS 499 - مشروع تخرج 2,56417,C24,TRU,TBA,,10:00 PM,10:50 PM,,
CPCS 499 - مشروع تخرج 2,56418,C25,TRU,TBA,,11:00 PM,11:50 PM,,
CPCS 499 - مشروع تخرج 2,56419,C26,TRU,TBA,,7:00 AM,7:50 AM,,
CPCS 499 - مشروع تخرج 2,56420,C27,TRU,TBA,,8:00 AM,8:50 AM,,
CPCS 499 - مشروع تخرج 2,56421,C28,MW,TBA,,7:00 AM,8:20 AM,,
CPCS 499 - مشروع تخرج 2,56422,C29,TRU,TBA,,10:00 PM,10:50 PM,,
CPCS 499 - مشروع تخرج 2,56423,C30,MW,TBA,,8:00 PM,9:20 PM,,
CPCS 499 - مشروع تخرج 2,56424,C31,TRU,TBA,,7:00 AM,7:50 AM,,
CPCS 499 - مشروع تخرج 2,56425,C32,TRU,TBA,,8:00 AM,8:50 AM,,
CPCS 499 - مشروع تخرج 2,56426,C33,TRU,TBA,,9:00 PM,9:50 PM,,
CPCS 499 - مشروع تخرج 2,56427,C34,TRU,TBA,,10:00 PM,10:50 PM,,
CPCS 499 - مشروع تخرج 2,56428,C35,TRU,TBA,,11:00 PM,11:50 PM,عودة إلى السابق,
CPIT 201 - مقدمة حوسبة,69598,AAR,TRU,TBA,,8:00 AM,8:50 AM,,
CPIT 201 - مقدمة حوسبة,69662,CAR,TRU,TBA,,9:00 AM,9:50 AM,,
CPIT 201 - مقدمة حوسبة,56640,IT1,TRU,TBA,,9:00 AM,9:50 AM,,
CPIT 201 - مقدمة حوسبة,56641,IT2,TRU,TBA,,10:00 AM,10:50 AM,,
CPIT 201 - مقدمة حوسبة,56642,IT3,MW,TBA,,2:30 PM,3:50 PM,,
CPIT 201 - مقدمة حوسبة,72089,MS,TRU,TBA,,2:00 PM,2:50 PM,عودة إلى السابق,
CPIT 210 - تنظيم وبنيان الحاسب,69832,EAR,TRU,TBA,T,10:00 AM,10:50 AM,1:00 PM,2:20 PM
CPIT 210 - تنظيم وبنيان الحاسب,56643,IT1,TRU,TBA,U,3:00 PM,3:50 PM,5:30 PM,6:50 PM
CPIT 220 - مبادئ تقنية المعلومات,56644,A,TRU,TBA,R,1:00 PM,1:50 PM,7:00 PM,8:20 PM
CPIT 220 - مبادئ تقنية المعلومات,69867,HAR,TRU,TBA,W,1:00 PM,1:50 PM,11:00 AM,12:20 PM
CPIT 220 - مبادئ تقنية المعلومات,56645,IT1,TRU,TBA,R,3:00 PM,3:50 PM,11:00 AM,12:20 PM
CPIT 220 - مبادئ تقنية المعلومات,69915,JAR,TRU,TBA,U,2:00 PM,2:50 PM,9:30 AM,10:50 AM
CPIT 220 - مبادئ تقنية المعلومات,69890,VAR,TRU,TBA,W,12:00 PM,12:50 PM,8:00 AM,9:20 AM
CPIT 220 - مبادئ تقنية المعلومات,69907,VBR,M,TBA,TRU,9:30 AM,10:50 AM,12:00 PM,12:50 PM
CPIT 220 - مبادئ تقنية المعلومات,56646,XA,MW,TBA,T,9:30 AM,10:50 AM,5:30 PM,6:50 PM
CPIT 221 - أساليب الكتابة العلمية,56647,A,MW,TBA,,1:00 PM,1:50 PM,,
CPIT 221 - أساليب الكتابة العلمية,69667,AAR,TU,TBA,,8:00 AM,8:50 AM,,
CPIT 221 - أساليب الكتابة العلمية,69670,CAR,TU,TBA,,9:00 AM,9:50 AM,,
CPIT 221 - أساليب الكتابة العلمية,56648,IT1,TU,TBA,,1:00 PM,1:50 PM,عودة إلى السابق,
CPIT 240 - قواعد البيانات 1,69916,EAR,TRU,TBA,U,10:00 AM,10:50 AM,11:00 AM,12:20 PM
CPIT 240 - قواعد البيانات 1,69917,EBR,TRU,TBA,U,10:00 AM,10:50 AM,1:00 PM,2:20 PM
CPIT 240 - قواعد البيانات 1,56649,IT1,MW,TBA,T,9:30 AM,10:50 AM,7:00 PM,8:20 PM
CPIT 240 - قواعد البيانات 1,56650,IT2,MW,TBA,R,11:00 AM,12:20 PM,5:30 PM,6:50 PM
CPIT 240 - قواعد البيانات 1,69918,VAR,TRU,TBA,R,12:00 PM,12:50 PM,8:00 AM,9:20 AM
CPIT 250 - تحليل وتصميم النظم,69921,BAR,MW,TBA,U,8:00 AM,9:15 AM,8:00 AM,9:20 AM
CPIT 250 - تحليل وتصميم النظم,69919,CAR,TRU,TBA,R,9:00 AM,9:50 AM,11:00 AM,12:20 PM
CPIT 250 - تحليل وتصميم النظم,69920,GAR,MW,TBA,M,11:00 AM,12:15 PM,8:00 AM,9:20 AM
CPIT 250 - تحليل وتصميم النظم,56651,IT1,TRU,TBA,W,4:00 PM,4:50 PM,7:00 PM,8:20 PM
CPIT 250 - تحليل وتصميم النظم,56652,IT2,TRU,TBA,R,1:00 PM,1:50 PM,11:00 AM,12:20 PM
CPIT 251 - هندسة البرمجيات 1,69922,DAR,MW,TBA,M,9:30 AM,10:45 AM,1:00 PM,2:20 PM
CPIT 251 - هندسة البرمجيات 1,56653,IT1,MW,TBA,R,9:30 AM,10:50 AM,7:00 PM,8:20 PM
CPIT 251 - هندسة البرمجيات 1,56654,IT2,MW,TBA,W,1:00 PM,2:20 PM,5:30 PM,6:50 PM
CPIT 252 - نماذج تصميم البرمجيات,69940,DAR,MW,TBA,W,9:30 AM,10:45 AM,8:00 AM,9:20 AM
CPIT 252 - نماذج تصميم البرمجيات,56655,IT1,TRU,TBA,W,10:00 AM,10:50 AM,5:30 PM,6:50 PM
CPIT 252 - نماذج تصميم البرمجيات,56656,IT2,TRU,TBA,T,1:00 PM,1:50 PM,5:30 PM,6:50 PM
CPIT 252 - نماذج تصميم البرمجيات,56657,IT3,TRU,TBA,T,2:00 PM,2:50 PM,7:00 PM,8:20 PM
CPIT 252 - نماذج تصميم البرمجيات,56658,XA, ,TBA,,12:00 AM,12:01 AM,عودة إلى السابق,
CPIT 260 - نظم التشغيل,70098,AAR,TRU,TBA,W,8:00 AM,8:50 AM,8:00 AM,9:20 AM
CPIT 260 - نظم التشغيل,70100,CAR,TRU,TBA,W,9:00 AM,9:50 AM,8:00 AM,9:20 AM
CPIT 260 - نظم التشغيل,70101,EAR,TRU,TBA,W,10:00 AM,10:50 AM,9:30 AM,10:50 AM
CPIT 260 - نظم التشغيل,56659,IT1,MW,TBA,U,11:00 AM,12:20 PM,7:00 PM,8:20 PM
CPIT 260 - نظم التشغيل,56660,IT2,M,TBA,TRU,5:30 PM,6:50 PM,10:00 AM,10:50 AM
CPIT 260 - نظم التشغيل,56661,IT3,MW,TBA,W,1:00 PM,2:20 PM,7:00 PM,8:20 PM
CPIT 260 - نظم التشغيل,56662,IT4,M,TBA,TRU,5:30 PM,6:50 PM,10:00 AM,10:50 AM
CPIT 280 - تفاعل الانسان والحاسب,69941,AAR,TRU,TBA,R,8:00 AM,8:50 AM,1:00 PM,2:20 PM
CPIT 280 - تفاعل الانسان والحاسب,56663,IT1,MW,TBA,T,2:30 PM,3:50 PM,5:30 PM,6:50 PM
CPIT 280 - تفاعل الانسان والحاسب,56664,IT2,MW,TBA,T,4:00 PM,5:20 PM,7:00 PM,8:20 PM
CPIT 285 - الرسم بالحاسب,70102,GAR,MW,TBA,M,11:00 AM,12:15 PM,8:00 AM,9:20 AM
CPIT 285 - الرسم بالحاسب,70104,GBR,MW,TBA,W,11:00 AM,12:15 PM,1:00 PM,2:20 PM
CPIT 285 - الرسم بالحاسب,70103,IAR,MW,TBA,M,1:00 PM,2:15 PM,9:30 AM,10:50 AM
CPIT 285 - الرسم بالحاسب,56665,IT1,MW,TBA,T,4:00 PM,5:20 PM,5:30 PM,6:50 PM
CPIT 285 - الرسم بالحاسب,56666,IT2,TRU,TBA,R,3:00 PM,3:50 PM,7:00 PM,8:20 PM
CPIT 285 - الرسم بالحاسب,56667,IT3,MW,TBA,U,9:30 AM,10:50 AM,7:00 PM,8:20 PM
CPIT 305 - برمجة تطبيقية متقدمة,70106,EAR,M,TBA,TRU,11:00 AM,12:20 PM,10:00 AM,10:50 AM
CPIT 305 - برمجة تطبيقية متقدمة,56668,IT1,MW,TBA,U,1:00 PM,2:20 PM,5:30 PM,6:50 PM
CPIT 305 - برمجة تطبيقية متقدمة,56669,IT2,M,TBA,TRU,7:00 PM,8:20 PM,10:00 AM,10:50 AM
CPIT 305 - برمجة تطبيقية متقدمة,56670,IT3,MW,TBA,M,1:00 PM,2:20 PM,5:30 PM,6:50 PM
CPIT 330 - تقنية المعلومات والادارة,56676,A,TRU,TBA,T,1:00 PM,1:50 PM,7:00 PM,8:20 PM
CPIT 330 - تقنية المعلومات والادارة,70108,CAR,TRU,TBA,U,9:00 AM,9:50 AM,1:00 PM,2:20 PM
CPIT 330 - تقنية المعلومات والادارة,56677,IT1,TRU,TBA,R,2:00 PM,2:50 PM,7:00 PM,8:20 PM
CPIT 330 - تقنية المعلومات والادارة,56678,IT2,TRU,TBA,W,3:00 PM,3:50 PM,5:30 PM,6:50 PM
CPIT 340 - قواعد بيانات 2,70110,CAR,TRU,TBA,R,9:00 AM,9:50 AM,1:00 PM,2:20 PM
CPIT 340 - قواعد بيانات 2,70113,EAR,TRU,TBA,T,10:00 AM,10:50 AM,1:00 PM,2:20 PM
CPIT 345 - ادارة قواعد البيانات,70116,CAR,TRU,TBA,U,9:00 AM,9:50 AM,1:00 PM,2:20 PM
CPIT 345 - ادارة قواعد البيانات,70121,CBR,TRU,TBA,W,9:00 AM,9:50 AM,11:00 AM,12:20 PM
CPIT 345 - ادارة قواعد البيانات,70119,EAR,TRU,TBA,W,10:00 AM,10:50 AM,9:30 AM,10:50 AM
CPIT 345 - ادارة قواعد البيانات,56679,IT1,TRU,TBA,W,1:00 PM,1:50 PM,7:00 PM,8:20 PM
CPIT 345 - ادارة قواعد البيانات,70120,VAR,TRU,TBA,T,12:00 PM,12:50 PM,1:00 PM,2:20 PM
CPIT 370 - شبكات الحاسب,70122,GAR,MW,TBA,W,11:00 AM,12:15 PM,1:00 PM,2:20 PM
CPIT 370 - شبكات الحاسب,56680,IT1,MW,TBA,U,1:00 PM,2:20 PM,5:30 PM,6:50 PM
CPIT 375 - تصميم وتقييم شبكات البيانات,56681,IT1,MW,TBA,U,9:30 AM,10:50 AM,7:00 PM,8:20 PM
CPIT 375 - تصميم وتقييم شبكات البيانات,56682,IT2,TRU,TBA,T,4:00 PM,4:50 PM,7:00 PM,8:20 PM
CPIT 380 - تقنية الوسائط المتعددة,56683,A,M,TBA,TRU,7:00 PM,8:20 PM,9:00 AM,9:50 AM
CPIT 380 - تقنية الوسائط المتعددة,70127,CAR,TRU,TBA,U,9:00 AM,9:50 AM,1:00 PM,2:20 PM
CPIT 380 - تقنية الوسائط المتعددة,56684,IT1,TRU,TBA,U,1:00 PM,1:50 PM,11:00 AM,12:20 PM
CPIT 405 - تطبيقات الشبكة البينية,70129,AAR,TRU,TBA,U,8:00 AM,8:50 AM,1:00 PM,2:20 PM
CPIT 405 - تطبيقات الشبكة البينية,70131,BAR,MW,TBA,W,8:00 AM,9:15 AM,1:00 PM,2:20 PM
CPIT 405 - تطبيقات الشبكة البينية,70130,EAR,TRU,TBA,U,10:00 AM,10:50 AM,1:00 PM,2:20 PM
CPIT 405 - تطبيقات الشبكة البينية,56685,IT1,MW,TBA,R,4:00 PM,5:20 PM,2:00 PM,3:20 PM
CPIT 405 - تطبيقات الشبكة البينية,56686,IT2,TRU,TBA,U,3:00 PM,3:50 PM,11:00 AM,12:20 PM
CPIT 405 - تطبيقات الشبكة البينية,56687,IT3,MW,TBA,U,9:30 AM,10:50 AM,7:00 PM,8:20 PM
CPIT 405 - تطبيقات الشبكة البينية,70133,VAR,TRU,TBA,R,12:00 PM,12:50 PM,1:00 PM,2:20 PM
CPIT 425 - أمن معلومات,70136,AAR,TRU,TBA,R,8:00 AM,8:50 AM,11:00 AM,12:20 PM
CPIT 425 - أمن معلومات,56688,IT1,TRU,TBA,R,10:00 AM,10:50 AM,11:00 AM,12:20 PM
CPIT 425 - أمن معلومات,56689,IT2,MW,TBA,T,9:30 AM,10:50 AM,7:00 PM,8:20 PM
CPIT 435 - تقييم الاحتياجات والتكنولوجيا,56690,IT1,TU,TBA,U,1:00 PM,1:50 PM,5:30 PM,6:20 PM
CPIT 435 - تقييم الاحتياجات والتكنولوجيا,70140,VAR,T,TBA,W,12:00 PM,1:40 PM,1:00 PM,2:20 PM
CPIT 435 - تقييم الاحتياجات والتكنولوجيا,70142,VBR,W,TBA,U,8:00 AM,9:20 AM,12:00 PM,1:40 PM
CPIT 435 - تقييم الاحتياجات والتكنولوجيا,70143,VCR,T,TBA,W,12:00 PM,1:40 PM,11:00 AM,12:20 PM
CPIT 440 - مستودعات البيانات والتنقيب,70146,CAR,TRU,TBA,R,9:00 AM,9:50 AM,1:00 PM,2:20 PM
CPIT 440 - مستودعات البيانات والتنقيب,70148,CBR,M,TBA,TRU,8:00 AM,9:20 AM,9:00 AM,9:50 AM
CPIT 440 - مستودعات البيانات والتنقيب,56691,IT1,TRU,TBA,W,10:00 AM,10:50 AM,7:00 PM,8:20 PM
CPIT 440 - مستودعات البيانات والتنقيب,70147,VAR,TRU,TBA,T,12:00 PM,12:50 PM,1:00 PM,2:20 PM
CPIT 455 - هندسة البرمجيات 2,77752,AAR,M,TBA,TRU,11:00 AM,12:20 PM,8:00 AM,8:50 AM
CPIT 455 - هندسة البرمجيات 2,56692,IT1,MW,TBA,T,1:00 PM,2:20 PM,7:00 PM,8:20 PM
CPIT 456 - اقتصاديات البرمجيات,70152,AAR,M,TBA,TRU,9:30 AM,10:50 AM,8:00 AM,8:50 AM
CPIT 456 - اقتصاديات البرمجيات,70149,EAR,M,TBA,TRU,8:00 AM,9:20 AM,10:00 AM,10:50 AM
CPIT 456 - اقتصاديات البرمجيات,56693,IT1,TRU,TBA,T,10:00 AM,10:50 AM,7:00 PM,8:20 PM
CPIT 470 - ادارة الشبكات,70158,BAR,MW,TBA,W,8:00 AM,9:15 AM,9:30 AM,10:50 AM
CPIT 470 - ادارة الشبكات,70164,DAR,MW,TBA,U,9:30 AM,10:45 AM,1:00 PM,2:20 PM
CPIT 470 - ادارة الشبكات,70163,GAR,MW,TBA,M,11:00 AM,12:15 PM,1:00 PM,2:20 PM
CPIT 470 - ادارة الشبكات,70156,IAR,MW,TBA,U,1:00 PM,2:15 PM,11:00 AM,12:20 PM
CPIT 470 - ادارة الشبكات,56694,IT1,TRU,TBA,R,9:00 AM,9:50 AM,11:00 AM,12:20 PM
CPIT 470 - ادارة الشبكات,56695,IT2,MW,TBA,M,4:00 PM,5:20 PM,5:30 PM,6:50 PM
CPIT 490 - مواضيع مختارة في تقنية المعلوم,56696,IT1,MW,TBA,,11:00 AM,12:20 PM,عودة إلى السابق,
CPIT 498 - مشروع تخرج 1,70280,01,TRU,سهير ظافر الشهري (P),,10:00 PM,10:50 PM,,
CPIT 498 - مشروع تخرج 1,70281,02,TRU,شرين رشيد سيف الدين (P),,10:00 PM,10:50 PM,,
CPIT 498 - مشروع تخرج 1,70282,03,TRU,حنان مرزوق العتيبي (P),,10:00 PM,10:50 PM,,
CPIT 498 - مشروع تخرج 1,70283,04,TRU,منال معتوق كلكتاوي (P),,10:00 PM,10:50 PM,,
CPIT 498 - مشروع تخرج 1,70284,05,TRU,ندى محمد المانع (P),,10:00 PM,10:50 PM,,
CPIT 498 - مشروع تخرج 1,70285,06,TRU,تغريد عبدالله الغامدي (P),,9:00 PM,9:50 PM,,
CPIT 498 - مشروع تخرج 1,70286,07,TRU,هبه علي البطاطي (P),,9:00 PM,9:50 PM,,
CPIT 498 - مشروع تخرج 1,70287,08,TRU,TBA,,9:00 PM,9:50 PM,,
CPIT 498 - مشروع تخرج 1,70288,09,TRU,TBA,,9:00 PM,9:50 PM,,
CPIT 498 - مشروع تخرج 1,56697,T01,TRU,TBA,,7:00 AM,7:50 AM,,
CPIT 498 - مشروع تخرج 1,56698,T02,TRU,TBA,,8:00 AM,8:50 AM,,
CPIT 498 - مشروع تخرج 1,56699,T03,TRU,TBA,,9:00 PM,9:50 PM,,
CPIT 498 - مشروع تخرج 1,56700,T04,TRU,TBA,,10:00 PM,10:50 PM,,
CPIT 498 - مشروع تخرج 1,56701,T05,TRU,TBA,,11:00 PM,11:50 PM,,
CPIT 498 - مشروع تخرج 1,56702,T06,TRU,TBA,,7:00 AM,7:50 AM,,
CPIT 498 - مشروع تخرج 1,56703,T07,TRU,TBA,,8:00 AM,8:50 AM,,
CPIT 498 - مشروع تخرج 1,56704,T08,TRU,TBA,,9:00 PM,9:50 PM,,
CPIT 498 - مشروع تخرج 1,56705,T09,TRU,TBA,,10:00 PM,10:50 PM,,
CPIT 498 - مشروع تخرج 1,56706,T10,TRU,TBA,,11:00 PM,11:50 PM,,
CPIT 498 - مشروع تخرج 1,56707,T11,TRU,TBA,,7:00 AM,7:50 AM,,
CPIT 498 - مشروع تخرج 1,56708,T12,TRU,TBA,,8:00 AM,8:50 AM,,
CPIT 498 - مشروع تخرج 1,56709,T13,TRU,TBA,,9:00 PM,9:50 PM,,
CPIT 498 - مشروع تخرج 1,56710,T14,TRU,TBA,,10:00 PM,10:50 PM,,
CPIT 498 - مشروع تخرج 1,56711,T15,TRU,TBA,,11:00 PM,11:50 PM,,
CPIT 498 - مشروع تخرج 1,56712,T16,TRU,TBA,,7:00 AM,7:50 AM,,
CPIT 498 - مشروع تخرج 1,56713,T17,TRU,TBA,,8:00 AM,8:50 AM,,
CPIT 498 - مشروع تخرج 1,56714,T18,TRU,TBA,,9:00 PM,9:50 PM,,
CPIT 498 - مشروع تخرج 1,56715,T19,TRU,TBA,,10:00 PM,10:50 PM,,
CPIT 498 - مشروع تخرج 1,56716,T20,TRU,TBA,,11:00 PM,11:50 PM,,
CPIT 498 - مشروع تخرج 1,56717,T21,TRU,TBA,,7:00 AM,7:50 AM,,
CPIT 498 - مشروع تخرج 1,56718,T22,TRU,TBA,,8:00 AM,8:50 AM,,
CPIT 498 - مشروع تخرج 1,56719,T23,TRU,TBA,,9:00 PM,9:50 PM,,
CPIT 498 - مشروع تخرج 1,56720,T24,TRU,TBA,,10:00 PM,10:50 PM,,
CPIT 498 - مشروع تخرج 1,56721,T25,TRU,TBA,,11:00 PM,11:50 PM,,
CPIT 498 - مشروع تخرج 1,56722,T26,TRU,TBA,,7:00 AM,7:50 AM,,
CPIT 498 - مشروع تخرج 1,56723,T27,TRU,TBA,,8:00 AM,8:50 AM,,
CPIT 498 - مشروع تخرج 1,56724,T28,TRU,TBA,,9:00 PM,9:50 PM,,
CPIT 498 - مشروع تخرج 1,56725,T29,TRU,TBA,,10:00 PM,10:50 PM,,
CPIT 498 - مشروع تخرج 1,56726,T30,TRU,TBA,,11:00 PM,11:50 PM,,
CPIT 498 - مشروع تخرج 1,56727,T31,TRU,TBA,,7:00 AM,7:50 AM,,
CPIT 498 - مشروع تخرج 1,56728,T32,TRU,TBA,,8:00 AM,8:50 AM,,
CPIT 498 - مشروع تخرج 1,56729,T33,TRU,TBA,,9:00 PM,9:50 PM,,
CPIT 498 - مشروع تخرج 1,56730,T34,TRU,TBA,,10:00 PM,10:50 PM,,
CPIT 498 - مشروع تخرج 1,56731,T35,TRU,TBA,,11:00 PM,11:50 PM,,
CPIT 498 - مشروع تخرج 1,56732,T36,TRU,TBA,,7:00 AM,7:50 AM,,
CPIT 498 - مشروع تخرج 1,56733,T37,TRU,TBA,,8:00 AM,8:50 AM,,
CPIT 498 - مشروع تخرج 1,56734,T38,TRU,TBA,,9:00 PM,9:50 PM,,
CPIT 498 - مشروع تخرج 1,56735,T39,TRU,TBA,,10:00 PM,10:50 PM,,
CPIT 498 - مشروع تخرج 1,56736,T40,TRU,TBA,,11:00 PM,11:50 PM,عودة إلى السابق,
CPIT 499 - مشروع تخرج 2,70289,01,TRU,ميسون فؤاد ابوالخير (P),,10:00 PM,10:50 PM,,
CPIT 499 - مشروع تخرج 2,70291,02,TRU,ريم متعب العتيبي (P),,10:00 PM,10:50 PM,,
CPIT 499 - مشروع تخرج 2,70294,03,TRU,وفاء عدنان السقاف (P),,10:00 PM,10:50 PM,,
CPIT 499 - مشروع تخرج 2,70295,04,TRU,منيرة محمد طيلب (P),,10:00 PM,10:50 PM,,
CPIT 499 - مشروع تخرج 2,70296,05,TRU,دعاء طلال سناري (P),,10:00 PM,10:50 PM,,
CPIT 499 - مشروع تخرج 2,70298,06,TRU,هند عبيدالله المصباحي (P),,10:00 PM,10:50 PM,,
CPIT 499 - مشروع تخرج 2,70300,07,TRU,ايناس​ فوزي خيرالله (P),,10:00 PM,10:50 PM,,
CPIT 499 - مشروع تخرج 2,70301,08,TRU,نور عمر باجنيد (P),,10:00 PM,10:50 PM,,
CPIT 499 - مشروع تخرج 2,70303,09,TRU,عبير غازي المكي (P),,10:00 PM,10:50 PM,,
CPIT 499 - مشروع تخرج 2,70305,10,TRU,ليندا فارس محيسن (P),,10:00 PM,10:50 PM,,
CPIT 499 - مشروع تخرج 2,70307,11,TRU,فلوه عبدالكريم أبو خضير (P),,10:00 PM,10:50 PM,,
CPIT 499 - مشروع تخرج 2,70309,12,TRU,منال سرحان بايوسف (P),,10:00 PM,10:50 PM,,
CPIT 499 - مشروع تخرج 2,70312,13,TRU,مياده احمدديب المصري (P),,9:00 PM,9:50 PM,,
CPIT 499 - مشروع تخرج 2,70314,14,TRU,سعاد احمد باعويضان (P),,9:00 PM,9:50 PM,,
CPIT 499 - مشروع تخرج 2,70315,15,TRU,عفراء زهير عطيه (P),,9:00 PM,9:50 PM,,
CPIT 499 - مشروع تخرج 2,70318,16,TRU,تغريد عمر باقيس​ (P),,9:00 PM,9:50 PM,,
CPIT 499 - مشروع تخرج 2,70319,17,TRU,عبير محمد حكيم (P),,9:00 PM,9:50 PM,,
CPIT 499 - مشروع تخرج 2,70321,18,TRU,فاطمه عمر بامشموس​ (P),,9:00 PM,9:50 PM,,
CPIT 499 - مشروع تخرج 2,70323,19,TRU,عائشه علي عسيري (P),,9:00 PM,9:50 PM,,
CPIT 499 - مشروع تخرج 2,70325,20,TRU,منى غطيش الخزاعي (P),,9:00 PM,9:50 PM,,
CPIT 499 - مشروع تخرج 2,70326,21,TRU,رانيا مسعد الحازمي (P),,9:00 PM,9:50 PM,,
CPIT 499 - مشروع تخرج 2,70328,22,TRU,عنود حسن هجرس​ الحازمي (P),,9:00 PM,9:50 PM,,
CPIT 499 - مشروع تخرج 2,70329,23,TRU,TBA,,9:00 PM,9:50 PM,,
CPIT 499 - مشروع تخرج 2,70330,24,TRU,TBA,,9:00 PM,9:50 PM,,
CPIT 499 - مشروع تخرج 2,56737,T01,TRU,TBA,,7:00 AM,7:50 AM,,
CPIT 499 - مشروع تخرج 2,56738,T02,TRU,TBA,,8:00 AM,8:50 AM,,
CPIT 499 - مشروع تخرج 2,56739,T03,TRU,TBA,,9:00 PM,9:50 PM,,
CPIT 499 - مشروع تخرج 2,56740,T04,TRU,TBA,,10:00 PM,10:50 PM,,
CPIT 499 - مشروع تخرج 2,56741,T05,TRU,TBA,,11:00 PM,11:50 PM,,
CPIT 499 - مشروع تخرج 2,56742,T06,TRU,TBA,,7:00 AM,7:50 AM,,
CPIT 499 - مشروع تخرج 2,56743,T07,TRU,TBA,,8:00 AM,8:50 AM,,
CPIT 499 - مشروع تخرج 2,56744,T08,TRU,TBA,,9:00 PM,9:50 PM,,
CPIT 499 - مشروع تخرج 2,56745,T09,TRU,TBA,,10:00 PM,10:50 PM,,
CPIT 499 - مشروع تخرج 2,56746,T10,TRU,TBA,,11:00 PM,11:50 PM,,
CPIT 499 - مشروع تخرج 2,56747,T11,TRU,TBA,,7:00 AM,7:50 AM,,
CPIT 499 - مشروع تخرج 2,56748,T12,TRU,TBA,,8:00 AM,8:50 AM,,
CPIT 499 - مشروع تخرج 2,56749,T13,TRU,TBA,,9:00 PM,9:50 PM,,
CPIT 499 - مشروع تخرج 2,56750,T14,TRU,TBA,,10:00 PM,10:50 PM,,
CPIT 499 - مشروع تخرج 2,56751,T15,TRU,TBA,,11:00 PM,11:50 PM,,
CPIT 499 - مشروع تخرج 2,56752,T16,TRU,TBA,,7:00 AM,7:50 AM,,
CPIT 499 - مشروع تخرج 2,56753,T17,TRU,TBA,,8:00 AM,8:50 AM,,
CPIT 499 - مشروع تخرج 2,56754,T18,TRU,TBA,,9:00 PM,9:50 PM,,
CPIT 499 - مشروع تخرج 2,56755,T19,TRU,TBA,,10:00 PM,10:50 PM,,
CPIT 499 - مشروع تخرج 2,56756,T20,TRU,TBA,,11:00 PM,11:50 PM,,
CPIT 499 - مشروع تخرج 2,56757,T21,TRU,TBA,,7:00 AM,7:50 AM,,
CPIT 499 - مشروع تخرج 2,56758,T22,TRU,TBA,,8:00 AM,8:50 AM,,
CPIT 499 - مشروع تخرج 2,56759,T23,TRU,TBA,,9:00 PM,9:50 PM,,
CPIT 499 - مشروع تخرج 2,56760,T24,TRU,TBA,,10:00 PM,10:50 PM,,
CPIT 499 - مشروع تخرج 2,56761,T25,TRU,TBA,,11:00 PM,11:50 PM,,
CPIT 499 - مشروع تخرج 2,56762,T26,TRU,TBA,,7:00 AM,7:50 AM,,
CPIT 499 - مشروع تخرج 2,56763,T27,TRU,TBA,,8:00 AM,8:50 AM,,
CPIT 499 - مشروع تخرج 2,56764,T28,TRU,TBA,,9:00 PM,9:50 PM,,
CPIT 499 - مشروع تخرج 2,56765,T29,TRU,TBA,,10:00 PM,10:50 PM,,
CPIT 499 - مشروع تخرج 2,56766,T30,TRU,TBA,,11:00 PM,11:50 PM,,
CPIT 499 - مشروع تخرج 2,56767,T31,TRU,TBA,,7:00 AM,7:50 AM,,
CPIT 499 - مشروع تخرج 2,56768,T32,TRU,TBA,,8:00 AM,8:50 AM,,
CPIT 499 - مشروع تخرج 2,56769,T33,TRU,TBA,,9:00 PM,9:50 PM,,
CPIT 499 - مشروع تخرج 2,56770,T34,TRU,TBA,,10:00 PM,10:50 PM,,
CPIT 499 - مشروع تخرج 2,56771,T35,TRU,TBA,,11:00 PM,11:50 PM,,
CPIT 499 - مشروع تخرج 2,56772,T36,TRU,TBA,,7:00 AM,7:50 AM,,
CPIT 499 - مشروع تخرج 2,56773,T37,TRU,TBA,,8:00 AM,8:50 AM,,
CPIT 499 - مشروع تخرج 2,56774,T38,TRU,TBA,,9:00 PM,9:50 PM,,
CPIT 499 - مشروع تخرج 2,56775,T39,TRU,TBA,,10:00 PM,10:50 PM,,
CPIT 499 - مشروع تخرج 2,56776,T40,TRU,TBA,,11:00 PM,11:50 PM,,
CPIT 499 - مشروع تخرج 2,56777,T41,TRU,TBA,,7:00 AM,7:50 AM,,
CPIT 499 - مشروع تخرج 2,56778,T42,TRU,TBA,,8:00 AM,8:50 AM,,
CPIT 499 - مشروع تخرج 2,56779,T43,TRU,TBA,,9:00 PM,9:50 PM,,
CPIT 499 - مشروع تخرج 2,56780,T44,TRU,TBA,,10:00 PM,10:50 PM,,
CPIT 499 - مشروع تخرج 2,56781,T45,TRU,TBA,,11:00 PM,11:50 PM,عودة إلى السابق,
CPIS 210 - تنظيم وبنيان الحاسب,71795,GAR,MW,امينه حسن قملو (P),T,11:00 AM,12:15 PM,9:30 AM,10:50 AM
CPIS 210 - تنظيم وبنيان الحاسب,56429,IS1,M,TBA,TRU,7:00 PM,8:20 PM,9:00 AM,9:50 AM
CPIS 210 - تنظيم وبنيان الحاسب,56430,IS2,MW,TBA,R,11:00 AM,12:20 PM,5:30 PM,6:50 PM
CPIS 220 - مبادئ نظم المعلومات,71857,DAR,MW,دانيه مسفر الجعيد (P),M,9:30 AM,10:45 AM,11:00 AM,12:20 PM
CPIS 220 - مبادئ نظم المعلومات,71855,EAR,TRU,هناء علي المغربي (P),W,10:00 AM,10:50 AM,11:00 AM,12:20 PM
CPIS 220 - مبادئ نظم المعلومات,71854,IAR,MW,امينه حسن قملو (P),M,1:00 PM,2:15 PM,8:00 AM,9:20 AM
CPIS 220 - مبادئ نظم المعلومات,56431,IS1,MW,TBA,U,4:00 PM,5:20 PM,7:00 PM,8:20 PM
CPIS 220 - مبادئ نظم المعلومات,56432,IS2,MW,TBA,R,9:30 AM,10:50 AM,11:00 AM,12:20 PM
CPIS 220 - مبادئ نظم المعلومات,56433,IS3,MW,TBA,R,11:00 AM,12:20 PM,5:30 PM,6:50 PM
CPIS 220 - مبادئ نظم المعلومات,71856,VAR,TRU,هناء علي المغربي (P),W,12:00 PM,12:50 PM,11:00 AM,12:20 PM
CPIS 222 - مبادىءنظم التشغيل,71859,GAR,MW,دانيه مسفر الجعيد (P),T,11:00 AM,12:15 PM,1:00 PM,2:20 PM
CPIS 222 - مبادىءنظم التشغيل,71861,IAR,MW,دانيه مسفر الجعيد (P),T,1:00 PM,2:15 PM,2:30 PM,3:50 PM
CPIS 222 - مبادىءنظم التشغيل,56434,IS1,TRU,TBA,U,3:00 PM,3:50 PM,5:30 PM,6:50 PM
CPIS 222 - مبادىءنظم التشغيل,56435,IS2,MW,TBA,R,4:00 PM,5:20 PM,5:30 PM,6:50 PM
CPIS 222 - مبادىءنظم التشغيل,56436,IS3,TRU,TBA,T,1:00 PM,1:50 PM,5:30 PM,6:50 PM
CPIS 240 - نظم ادارة قواعد البيانات,71862,BAR,MW,شيماء محمد سلامه (P),T,8:00 AM,9:15 AM,2:30 PM,3:50 PM
CPIS 240 - نظم ادارة قواعد البيانات,71958,DAR,MW,شيماء محمد سلامه (P),R,9:30 AM,10:45 AM,1:00 PM,2:20 PM
CPIS 240 - نظم ادارة قواعد البيانات,56437,IS1,MW,TBA,U,9:30 AM,10:50 AM,7:00 PM,8:20 PM
CPIS 240 - نظم ادارة قواعد البيانات,56438,IS2,MW,TBA,U,11:00 AM,12:20 PM,5:30 PM,6:50 PM
CPIS 240 - نظم ادارة قواعد البيانات,56439,IS3,M,TBA,TRU,7:00 PM,8:20 PM,3:00 PM,3:50 PM
CPIS 241 - مقدمةفي ادارة قواعد البيانات,71078,AAR,TRU,TBA,,10:00 AM,10:50 AM,,
CPIS 241 - مقدمةفي ادارة قواعد البيانات,71072,CAR,TRU,TBA,,9:00 AM,9:50 AM,,
CPIS 241 - مقدمةفي ادارة قواعد البيانات,56440,IS1,M,TBA,TRU,7:00 PM,8:20 PM,3:00 PM,3:50 PM
CPIS 241 - مقدمةفي ادارة قواعد البيانات,56441,IS2,TRU,TBA,W,1:00 PM,1:50 PM,7:00 PM,8:20 PM
CPIS 250 - هندسة البرمجيات,71960,CAR,M,سحر حسن فلاته ,TRU,1:00 PM,2:20 PM,9:00 AM,9:50 AM
CPIS 250 - هندسة البرمجيات,71961,EAR,M,سحر حسن فلاته ,TRU,11:00 AM,12:20 PM,10:00 AM,10:50 AM
CPIS 250 - هندسة البرمجيات,56442,IS1,M,TBA,TRU,7:00 PM,8:20 PM,4:00 PM,4:50 PM
CPIS 250 - هندسة البرمجيات,56443,IS2,MW,TBA,W,1:00 PM,2:20 PM,7:00 PM,8:20 PM
CPIS 250 - هندسة البرمجيات,56444,IS3,TRU,TBA,T,10:00 AM,10:50 AM,5:30 PM,6:50 PM
CPIS 312 - أمن المعلومات والحاسبات,71962,AAR,TRU,ايمان سالم الاشولي (P),T,8:00 AM,8:50 AM,1:00 PM,2:20 PM
CPIS 312 - أمن المعلومات والحاسبات,71963,CAR,TRU,ايمان سالم الاشولي (P),U,9:00 AM,9:50 AM,11:00 AM,12:20 PM
CPIS 312 - أمن المعلومات والحاسبات,56445,IS1,MW,TBA,W,2:30 PM,3:50 PM,5:30 PM,6:50 PM
CPIS 312 - أمن المعلومات والحاسبات,56446,IS2,TRU,TBA,R,9:00 AM,9:50 AM,11:00 AM,12:20 PM
CPIS 312 - أمن المعلومات والحاسبات,56447,IS3,MW,TBA,W,11:00 AM,12:20 PM,4:00 PM,5:20 PM
CPIS 320 - نظرية ونظم دعم القرار,56448,IS1,MW,TBA,M,9:30 AM,10:50 AM,4:00 PM,5:20 PM
CPIS 320 - نظرية ونظم دعم القرار,56449,IS2,TRU,TBA,W,9:00 AM,9:50 AM,7:00 PM,8:20 PM
CPIS 334 - مقدمة ادارة مشاريع النظم البرم,56455,CS1,M,TBA,RU,4:00 PM,4:50 PM,1:00 PM,1:50 PM
CPIS 334 - مقدمة ادارة مشاريع النظم البرم,56456,CS2,MW,TBA,T,1:00 PM,1:50 PM,7:00 PM,7:50 PM
CPIS 334 - مقدمة ادارة مشاريع النظم البرم,71968,CSA,T,TBA,R,12:00 PM,1:40 PM,1:00 PM,2:20 PM
CPIS 334 - مقدمة ادارة مشاريع النظم البرم,71967,CSB,R,TBA,U,9:30 AM,10:50 AM,12:00 PM,1:40 PM
CPIS 334 - مقدمة ادارة مشاريع النظم البرم,71964,CSC,R,TBA,R,8:00 AM,9:20 AM,12:00 PM,1:40 PM
CPIS 334 - مقدمة ادارة مشاريع النظم البرم,71966,IS,M,TBA,TU,2:30 PM,3:50 PM,10:00 AM,10:50 AM
CPIS 334 - مقدمة ادارة مشاريع النظم البرم,56457,IS1,M,TBA,TU,5:30 PM,6:50 PM,9:00 AM,9:50 AM
CPIS 334 - مقدمة ادارة مشاريع النظم البرم,56458,IS2,MW,TBA,W,9:30 AM,10:20 AM,4:00 PM,4:50 PM
CPIS 334 - مقدمة ادارة مشاريع النظم البرم,71965,IT,M,TBA,W,1:00 PM,2:40 PM,1:00 PM,2:20 PM
CPIS 334 - مقدمة ادارة مشاريع النظم البرم,56459,IT1,MW,TBA,R,2:30 PM,3:20 PM,7:00 PM,7:50 PM
CPIS 334 - مقدمة ادارة مشاريع النظم البرم,56460,IT2,TU,TBA,U,10:00 AM,10:50 AM,5:30 PM,6:20 PM
CPIS 342 - مستودعات البيانات والتنقيب,72731,CAR,M,ريهام عماد ابوالحمائل ,TRU,8:00 AM,9:20 AM,9:00 AM,9:50 AM
CPIS 342 - مستودعات البيانات والتنقيب,71970,EAR,TRU,اميمه عبدالله المطرفي (P),W,10:00 AM,10:50 AM,1:00 PM,2:20 PM
CPIS 342 - مستودعات البيانات والتنقيب,56461,IS1,MW,TBA,R,11:00 AM,12:20 PM,7:00 PM,8:20 PM
CPIS 342 - مستودعات البيانات والتنقيب,56462,IS2,TRU,TBA,U,1:00 PM,1:50 PM,7:00 PM,8:20 PM
CPIS 350 - نماذج تصميم النظم,56463,IS1,MW,TBA,T,3:00 PM,4:20 PM,2:00 PM,3:20 PM
CPIS 351 - تحليل وتصميم نظم المعلومات,71973,IAR,MW,سحر حسين جمبي (P),U,1:00 PM,2:15 PM,11:00 AM,12:20 PM
CPIS 351 - تحليل وتصميم نظم المعلومات,56464,IS1,TRU,TBA,T,2:00 PM,2:50 PM,5:30 PM,6:50 PM
CPIS 351 - تحليل وتصميم نظم المعلومات,56465,IS2,MW,TBA,W,4:00 PM,5:20 PM,5:30 PM,6:50 PM
CPIS 352 - تطوير تطبيقات نظم المعلومات,71974,BAR,MW,فوزيه عقاب الزهراني (P),M,8:00 AM,9:20 AM,9:30 AM,10:50 AM
CPIS 352 - تطوير تطبيقات نظم المعلومات,71975,DAR,MW,فوزيه عقاب الزهراني (P),M,9:30 AM,10:45 AM,1:00 PM,2:20 PM
CPIS 352 - تطوير تطبيقات نظم المعلومات,56466,IS1,TRU,TBA,U,10:00 AM,10:50 AM,7:00 PM,8:20 PM
CPIS 352 - تطوير تطبيقات نظم المعلومات,56467,IS2,MW,TBA,M,2:30 PM,3:50 PM,7:00 PM,8:20 PM
CPIS 352 - تطوير تطبيقات نظم المعلومات,56468,IS3,TRU,TBA,U,1:00 PM,1:50 PM,7:00 PM,8:20 PM
CPIS 354 - مبادىءالاتصال بين الانسان والح,71976,AAR,TRU,هند حسن بيطار (P),R,8:00 AM,8:50 AM,9:30 AM,10:50 AM
CPIS 354 - مبادىءالاتصال بين الانسان والح,56469,IS1,MW,TBA,U,1:00 PM,2:20 PM,5:30 PM,6:50 PM
CPIS 354 - مبادىءالاتصال بين الانسان والح,56470,IS2,TRU,TBA,U,4:00 PM,4:50 PM,7:00 PM,8:20 PM
CPIS 357 - مقدمة في جودة البرمجيات واختبا,71980,GAR,MW,ثريا احمد الغامدي (P),W,11:00 AM,12:15 PM,9:30 AM,10:50 AM
CPIS 357 - مقدمة في جودة البرمجيات واختبا,56471,IS1,TRU,TBA,R,3:00 PM,3:50 PM,5:30 PM,6:50 PM
CPIS 357 - مقدمة في جودة البرمجيات واختبا,56472,IS2,MW,TBA,W,1:00 PM,2:20 PM,7:00 PM,8:20 PM
CPIS 357 - مقدمة في جودة البرمجيات واختبا,71982,KAR,MW,ثريا احمد الغامدي (P),W,2:30 PM,3:45 PM,8:00 AM,9:20 AM
CPIS 358 - تطوير تطبيقات الانترنيت وبرمجي,71984,BAR,MW,امل حامد الحربي (P),M,8:00 AM,9:15 AM,9:30 AM,10:50 AM
CPIS 358 - تطوير تطبيقات الانترنيت وبرمجي,56473,IS1,TRU,TBA,U,4:00 PM,4:50 PM,11:00 AM,12:20 PM
CPIS 358 - تطوير تطبيقات الانترنيت وبرمجي,56474,IS2,M,TBA,TRU,5:30 PM,6:50 PM,10:00 AM,10:50 AM
CPIS 363 - النظم الذكية,72085,CAR,TRU,حنان صالح الغامدي (P),R,9:00 AM,9:50 AM,11:00 AM,12:20 PM
CPIS 363 - النظم الذكية,72091,EAR,TRU,حنان صالح الغامدي (P),R,10:00 AM,10:50 AM,2:30 PM,3:50 PM
CPIS 370 - مبادىءشبكات البيانات,71985,BAR,MW,سحر خالد بدري (P),W,8:00 AM,9:15 AM,11:00 AM,12:20 PM
CPIS 370 - مبادىءشبكات البيانات,71986,DAR,MW,سحر خالد بدري (P),W,9:30 AM,10:45 AM,1:00 PM,2:20 PM
CPIS 370 - مبادىءشبكات البيانات,56475,IS1,TRU,TBA,R,10:00 AM,10:50 AM,11:00 AM,12:20 PM
CPIS 370 - مبادىءشبكات البيانات,56476,IS2,MW,TBA,W,2:30 PM,3:50 PM,5:30 PM,6:50 PM
CPIS 380 - مقدمه في نظم الاعمال الالكترون,71988,AAR,TRU,غاده احمد عامودي (P),R,8:00 AM,8:50 AM,11:00 AM,12:50 PM
CPIS 380 - مقدمه في نظم الاعمال الالكترون,71990,EAR,TRU,غاده احمد عامودي (P),R,10:00 AM,10:50 AM,1:00 PM,2:20 PM
CPIS 380 - مقدمه في نظم الاعمال الالكترون,56478,IS1,MW,TBA,R,9:30 AM,10:50 AM,7:00 PM,8:20 PM
CPIS 380 - مقدمه في نظم الاعمال الالكترون,56479,IS2,M,TBA,TRU,5:30 PM,6:50 PM,1:00 PM,1:50 PM
CPIS 382 - تطوير الانظمة الالكترونية وتصم,72092,GAR,MW,سحر حسين جمبي (P),M,9:30 AM,10:45 AM,11:00 AM,12:20 PM
CPIS 382 - تطوير الانظمة الالكترونية وتصم,56480,IS1,MW,TBA,T,11:00 AM,12:20 PM,7:00 PM,8:20 PM
CPIS 382 - تطوير الانظمة الالكترونية وتصم,56481,IS2,MW,TBA,R,9:00 AM,10:20 AM,11:00 AM,12:20 PM
CPIS 420 - أساليب دعم اتخاذ القرار,72096,DAR,MW,ثريا احمد الغامدي (P),U,9:30 AM,10:45 AM,1:00 PM,2:20 PM
CPIS 420 - أساليب دعم اتخاذ القرار,72095,EAR,TRU,حليمة ادريس سمرا (P),T,10:00 AM,10:50 AM,1:00 PM,2:20 PM
CPIS 420 - أساليب دعم اتخاذ القرار,56482,IS1,TRU,TBA,T,2:00 PM,2:50 PM,7:00 PM,8:20 PM
CPIS 420 - أساليب دعم اتخاذ القرار,56483,IS2,TRU,TBA,W,10:00 AM,10:50 AM,11:00 AM,12:20 PM
CPIS 424 - نظم النمذجة والمحاكاة,56484,IS1,TRU,TBA,W,10:00 AM,10:50 AM,7:00 PM,8:20 PM
CPIS 424 - نظم النمذجة والمحاكاة,56485,IS2,M,TBA,TRU,7:00 PM,8:20 PM,2:00 PM,2:50 PM
CPIS 428 - مواضيع وقضايا معلوماتية,72113,CS,U,TBA,,12:00 PM,1:40 PM,,
CPIS 428 - مواضيع وقضايا معلوماتية,56486,CS1,TU,TBA,,2:00 PM,2:50 PM,,
CPIS 428 - مواضيع وقضايا معلوماتية,56487,CS2,TU,TBA,,4:00 PM,4:50 PM,,
CPIS 428 - مواضيع وقضايا معلوماتية,72110,IS,MW,TBA,,1:00 PM,2:15 PM,,
CPIS 428 - مواضيع وقضايا معلوماتية,56488,IS1,MW,TBA,,4:00 PM,4:50 PM,,
CPIS 428 - مواضيع وقضايا معلوماتية,56489,IS2,MW,TBA,,10:00 AM,10:50 AM,,
CPIS 428 - مواضيع وقضايا معلوماتية,56490,IT1,MW,TBA,,2:30 PM,3:20 PM,,
CPIS 428 - مواضيع وقضايا معلوماتية,56491,IT2,MW,TBA,,9:00 AM,9:50 AM,,
CPIS 428 - مواضيع وقضايا معلوماتية,72112,ITA,U,TBA,,12:00 PM,1:40 PM,,
CPIS 428 - مواضيع وقضايا معلوماتية,71993,ITB,T,TBA,,12:00 PM,1:40 PM,,
CPIS 428 - مواضيع وقضايا معلوماتية,72111,ITC,R,TBA,,12:00 PM,1:40 PM,عودة إلى السابق,
CPIS 434 - استراتيجيات وسياسات نظم المعلو,71995,DAR,MW,هناء محمد صالح نمنكاني (P),,9:30 AM,10:45 AM,,
CPIS 434 - استراتيجيات وسياسات نظم المعلو,71996,GAR,MW,هناء محمد صالح نمنكاني (P),,11:00 AM,12:15 PM,,
CPIS 434 - استراتيجيات وسياسات نظم المعلو,56492,IS1,TRU,TBA,W,10:00 AM,10:50 AM,5:30 PM,6:50 PM
CPIS 434 - استراتيجيات وسياسات نظم المعلو,56493,IS2,TRU,TBA,R,2:00 PM,2:50 PM,3:00 PM,4:20 PM
CPIS 434 - استراتيجيات وسياسات نظم المعلو,56494,IS3,MW,TBA,W,3:00 PM,4:20 PM,9:00 AM,10:20 AM
CPIS 483 - تطبيقات الانظمة الالكترونية,56495,IS1,MW,TBA,M,1:00 PM,2:20 PM,5:30 PM,6:50 PM
CPIS 483 - تطبيقات الانظمة الالكترونية,56496,IS2,TRU,TBA,W,2:00 PM,2:50 PM,9:30 AM,10:50 AM
CPIS 486 - استراتيجيات الاعمال الالكتروني,56497,IS1,TRU,TBA,R,1:00 PM,1:50 PM,4:00 PM,5:20 PM
CPIS 486 - استراتيجيات الاعمال الالكتروني,56498,IS2,MW,TBA,U,11:00 AM,12:20 PM,2:00 PM,3:20 PM
CPIS 490 - مواضيع مختارة في نظم المعلومات,72098,AAR,TRU,كوثر عبدالاله صعيدي (P),R,8:00 AM,8:50 AM,1:00 PM,2:00 PM
CPIS 490 - مواضيع مختارة في نظم المعلومات,56499,IS1,MW,TBA,U,9:30 AM,10:50 AM,11:00 AM,12:20 PM
CPIS 490 - مواضيع مختارة في نظم المعلومات,56500,IS2,TRU,TBA,R,4:00 PM,4:50 PM,5:30 PM,6:50 PM
CPIS 498 - مشروع تخرج 1,72249,01,TRU,TBA,,10:00 PM,10:50 PM,,
CPIS 498 - مشروع تخرج 1,72252,02,TRU,TBA,,10:00 PM,10:50 PM,,
CPIS 498 - مشروع تخرج 1,72254,03,TRU,TBA,,10:00 PM,10:50 PM,,
CPIS 498 - مشروع تخرج 1,72256,04,TRU,TBA,,10:00 PM,10:50 PM,,
CPIS 498 - مشروع تخرج 1,72257,05,TRU,TBA,,10:00 PM,10:50 PM,,
CPIS 498 - مشروع تخرج 1,72258,06,TRU,TBA,,10:00 PM,10:50 PM,,
CPIS 498 - مشروع تخرج 1,72259,07,TRU,TBA,,10:00 PM,10:50 PM,,
CPIS 498 - مشروع تخرج 1,72261,08,TRU,TBA,,10:00 PM,10:50 PM,,
CPIS 498 - مشروع تخرج 1,72262,09,TRU,TBA,,9:00 PM,9:50 PM,,
CPIS 498 - مشروع تخرج 1,72263,10,TRU,TBA,,9:00 PM,9:50 PM,,
CPIS 498 - مشروع تخرج 1,72264,11,TRU,TBA,,9:00 PM,9:50 PM,,
CPIS 498 - مشروع تخرج 1,72266,12,TRU,TBA,,9:00 PM,9:50 PM,,
CPIS 498 - مشروع تخرج 1,72267,13,TRU,TBA,,9:00 PM,9:50 PM,,
CPIS 498 - مشروع تخرج 1,72269,14,TRU,TBA,,9:00 PM,9:50 PM,,
CPIS 498 - مشروع تخرج 1,72270,15,TRU,TBA,,9:00 PM,9:50 PM,,
CPIS 498 - مشروع تخرج 1,56501,S01,TRU,TBA,,7:00 AM,7:50 AM,,
CPIS 498 - مشروع تخرج 1,56502,S02,TRU,TBA,,8:00 AM,8:50 AM,,
CPIS 498 - مشروع تخرج 1,56503,S03,TRU,TBA,,9:00 PM,9:50 PM,,
CPIS 498 - مشروع تخرج 1,56504,S04,TRU,TBA,,10:00 PM,10:50 PM,,
CPIS 498 - مشروع تخرج 1,56505,S05,TRU,TBA,,11:00 PM,11:50 PM,,
CPIS 498 - مشروع تخرج 1,56506,S06,MW,TBA,,6:30 AM,7:50 AM,,
CPIS 498 - مشروع تخرج 1,56507,S07,MW,TBA,,8:00 AM,9:20 AM,,
CPIS 498 - مشروع تخرج 1,56508,S08,MW,TBA,,9:00 PM,10:20 PM,,
CPIS 498 - مشروع تخرج 1,56509,S09,MW,TBA,,10:30 PM,11:50 PM,,
CPIS 498 - مشروع تخرج 1,56510,S10,TRU,TBA,,7:00 AM,7:50 AM,,
CPIS 498 - مشروع تخرج 1,56511,S12,TRU,TBA,,8:00 AM,8:50 AM,,
CPIS 498 - مشروع تخرج 1,56512,S13,TRU,TBA,,9:00 PM,9:50 PM,,
CPIS 498 - مشروع تخرج 1,56513,S14,TRU,TBA,,10:00 PM,10:50 PM,,
CPIS 498 - مشروع تخرج 1,56514,S15,TRU,TBA,,11:00 PM,11:50 PM,,
CPIS 498 - مشروع تخرج 1,56515,S16,TRU,TBA,,7:00 AM,7:50 AM,,
CPIS 498 - مشروع تخرج 1,56516,S17,MW,TBA,,6:30 AM,7:50 AM,,
CPIS 498 - مشروع تخرج 1,56517,S18,MW,TBA,,8:00 AM,9:20 AM,,
CPIS 498 - مشروع تخرج 1,56518,S19,MW,TBA,,9:00 PM,10:20 PM,,
CPIS 498 - مشروع تخرج 1,56519,S20,MW,TBA,,10:30 PM,11:50 PM,,
CPIS 498 - مشروع تخرج 1,56520,S21,TRU,TBA,,7:00 AM,7:50 AM,,
CPIS 498 - مشروع تخرج 1,56521,S22,TRU,TBA,,8:00 AM,8:50 AM,,
CPIS 498 - مشروع تخرج 1,56522,S23,MW,TBA,,9:00 PM,10:20 PM,,
CPIS 498 - مشروع تخرج 1,56523,S24,MW,TBA,,10:30 PM,11:50 PM,,
CPIS 498 - مشروع تخرج 1,56524,S25,TRU,TBA,,11:00 PM,11:50 PM,,
CPIS 498 - مشروع تخرج 1,56525,S26,TRU,TBA,,7:00 AM,7:50 AM,,
CPIS 498 - مشروع تخرج 1,56526,S27,TRU,TBA,,8:00 AM,8:50 AM,,
CPIS 498 - مشروع تخرج 1,56527,S28,TRU,TBA,,9:00 PM,9:50 PM,,
CPIS 498 - مشروع تخرج 1,56528,S29,TRU,TBA,,10:00 PM,10:50 PM,,
CPIS 498 - مشروع تخرج 1,56529,S30,TRU,TBA,,11:00 PM,11:50 PM,,
CPIS 498 - مشروع تخرج 1,56530,S31,TRU,TBA,,7:00 AM,7:50 AM,,
CPIS 498 - مشروع تخرج 1,56531,S32,TRU,TBA,,8:00 AM,8:50 AM,,
CPIS 498 - مشروع تخرج 1,56532,S33,TRU,TBA,,9:00 PM,9:50 PM,,
CPIS 498 - مشروع تخرج 1,56533,S34,TRU,TBA,,10:00 PM,10:50 PM,,
CPIS 498 - مشروع تخرج 1,56534,S35,TRU,TBA,,11:00 PM,11:50 PM,,
CPIS 498 - مشروع تخرج 1,56535,S36,TRU,TBA,,7:00 AM,7:50 AM,,
CPIS 498 - مشروع تخرج 1,56536,S37,TRU,TBA,,8:00 AM,8:50 AM,,
CPIS 498 - مشروع تخرج 1,56537,S38,TRU,TBA,,9:00 PM,9:50 PM,,
CPIS 498 - مشروع تخرج 1,56538,S39,TRU,TBA,,10:00 PM,10:50 PM,,
CPIS 498 - مشروع تخرج 1,56539,S40,TRU,TBA,,11:00 PM,11:50 PM,,
CPIS 498 - مشروع تخرج 1,56540,S41,TRU,TBA,,7:00 AM,7:50 AM,,
CPIS 498 - مشروع تخرج 1,56541,S42,TRU,TBA,,8:00 AM,8:50 AM,,
CPIS 498 - مشروع تخرج 1,56542,S43,TRU,TBA,,9:00 PM,9:50 PM,,
CPIS 498 - مشروع تخرج 1,56543,S44,TRU,TBA,,10:00 PM,10:50 PM,,
CPIS 498 - مشروع تخرج 1,56544,S45,TRU,TBA,,11:00 PM,11:50 PM,,
CPIS 498 - مشروع تخرج 1,56545,S46,TRU,TBA,,7:00 AM,7:50 AM,,
CPIS 498 - مشروع تخرج 1,56546,S47,TRU,TBA,,8:00 AM,8:50 AM,,
CPIS 498 - مشروع تخرج 1,56547,S48,TRU,TBA,,9:00 PM,9:50 PM,,
CPIS 498 - مشروع تخرج 1,56548,S49,TRU,TBA,,8:00 AM,8:50 AM,,
CPIS 498 - مشروع تخرج 1,56549,S50,TRU,TBA,,11:00 PM,11:50 PM,عودة إلى السابق,
CPIS 499 - مشروع تخرج 2,72358,01,TRU,TBA,,10:00 PM,10:50 PM,,
CPIS 499 - مشروع تخرج 2,72359,02,TRU,TBA,,10:00 PM,10:50 PM,,
CPIS 499 - مشروع تخرج 2,72360,03,TRU,TBA,,10:00 PM,10:50 PM,,
CPIS 499 - مشروع تخرج 2,72361,04,TRU,TBA,,10:00 PM,10:50 PM,,
CPIS 499 - مشروع تخرج 2,72362,05,TRU,TBA,,10:00 PM,10:50 PM,,
CPIS 499 - مشروع تخرج 2,72363,06,TRU,TBA,,10:00 PM,10:50 PM,,
CPIS 499 - مشروع تخرج 2,72364,07,TRU,TBA,,10:00 PM,10:50 PM,,
CPIS 499 - مشروع تخرج 2,72365,08,TRU,TBA,,10:00 PM,10:50 PM,,
CPIS 499 - مشروع تخرج 2,72366,09,TRU,TBA,,10:00 PM,10:50 PM,,
CPIS 499 - مشروع تخرج 2,72367,10,TRU,TBA,,10:00 PM,10:50 PM,,
CPIS 499 - مشروع تخرج 2,72368,11,TRU,TBA,,9:00 PM,9:50 PM,,
CPIS 499 - مشروع تخرج 2,72369,12,TRU,TBA,,9:00 PM,9:50 PM,,
CPIS 499 - مشروع تخرج 2,72370,13,TRU,TBA,,9:00 PM,9:50 PM,,
CPIS 499 - مشروع تخرج 2,72371,14,TRU,TBA,,9:00 PM,9:50 PM,,
CPIS 499 - مشروع تخرج 2,72372,15,TRU,TBA,,9:00 PM,9:50 PM,,
CPIS 499 - مشروع تخرج 2,72373,16,TRU,TBA,,9:00 PM,9:50 PM,,
CPIS 499 - مشروع تخرج 2,72374,17,TRU,TBA,,9:00 PM,9:50 PM,,
CPIS 499 - مشروع تخرج 2,72375,18,TRU,TBA,,9:00 PM,9:50 PM,,
CPIS 499 - مشروع تخرج 2,72376,19,TRU,TBA,,9:00 PM,9:50 PM,,
CPIS 499 - مشروع تخرج 2,72377,20,TRU,TBA,,9:00 PM,9:50 PM,,
CPIS 499 - مشروع تخرج 2,56550,S01,TRU,TBA,,7:00 AM,7:50 AM,,
CPIS 499 - مشروع تخرج 2,56551,S02,TRU,TBA,,8:00 AM,8:50 AM,,
CPIS 499 - مشروع تخرج 2,56552,S03,TRU,TBA,,9:00 PM,9:50 PM,,
CPIS 499 - مشروع تخرج 2,56553,S04,TRU,TBA,,10:00 PM,10:50 PM,,
CPIS 499 - مشروع تخرج 2,56554,S05,TRU,TBA,,11:00 PM,11:50 PM,,
CPIS 499 - مشروع تخرج 2,56555,S06,MW,TBA,,6:30 AM,7:50 AM,,
CPIS 499 - مشروع تخرج 2,56556,S07,MW,TBA,,8:00 AM,9:20 AM,,
CPIS 499 - مشروع تخرج 2,56557,S08,MW,TBA,,9:00 PM,10:20 PM,,
CPIS 499 - مشروع تخرج 2,56558,S09,MW,TBA,,10:30 PM,11:50 PM,,
CPIS 499 - مشروع تخرج 2,56559,S10,TRU,TBA,,11:00 PM,11:50 PM,,
CPIS 499 - مشروع تخرج 2,56560,S11,TRU,TBA,,7:00 AM,7:50 AM,,
CPIS 499 - مشروع تخرج 2,56561,S12,TRU,TBA,,8:00 AM,8:50 AM,,
CPIS 499 - مشروع تخرج 2,56562,S13,TRU,TBA,,9:00 PM,9:50 PM,,
CPIS 499 - مشروع تخرج 2,56563,S14,TRU,TBA,,10:00 PM,10:50 PM,,
CPIS 499 - مشروع تخرج 2,56564,S15,TRU,TBA,,11:00 PM,11:50 PM,,
CPIS 499 - مشروع تخرج 2,56565,S16,TRU,TBA,,7:00 AM,7:50 AM,,
CPIS 499 - مشروع تخرج 2,56566,S17,TRU,TBA,,8:00 AM,8:50 AM,,
CPIS 499 - مشروع تخرج 2,56567,S18,TRU,TBA,,9:00 PM,9:50 PM,,
CPIS 499 - مشروع تخرج 2,56568,S19,TRU,TBA,,10:00 PM,10:50 PM,,
CPIS 499 - مشروع تخرج 2,56569,S20,TRU,TBA,,11:00 PM,11:50 PM,,
CPIS 499 - مشروع تخرج 2,56570,S21,MW,TBA,,6:30 AM,7:50 AM,,
CPIS 499 - مشروع تخرج 2,56571,S22,MW,TBA,,8:00 AM,9:20 AM,,
CPIS 499 - مشروع تخرج 2,56572,S23,MW,TBA,,9:00 PM,10:20 PM,,
CPIS 499 - مشروع تخرج 2,56573,S24,MW,TBA,,10:30 PM,11:50 PM,,
CPIS 499 - مشروع تخرج 2,56574,S25,TRU,TBA,,11:00 PM,11:50 PM,,
CPIS 499 - مشروع تخرج 2,56575,S26,TRU,TBA,,7:00 AM,7:50 AM,,
CPIS 499 - مشروع تخرج 2,56576,S27,TRU,TBA,,8:00 AM,8:50 AM,,
CPIS 499 - مشروع تخرج 2,56577,S28,TRU,TBA,,9:00 PM,9:50 PM,,
CPIS 499 - مشروع تخرج 2,56578,S29,TRU,TBA,,10:00 PM,10:50 PM,,
CPIS 499 - مشروع تخرج 2,56579,S30,TRU,TBA,,11:00 PM,11:50 PM,,
CPIS 499 - مشروع تخرج 2,56580,S31,TRU,TBA,,7:00 AM,7:50 AM,,
CPIS 499 - مشروع تخرج 2,56581,S32,TRU,TBA,,8:00 AM,8:50 AM,,
CPIS 499 - مشروع تخرج 2,56582,S33,MW,TBA,,6:30 AM,7:50 AM,,
CPIS 499 - مشروع تخرج 2,56583,S34,MW,TBA,,8:00 AM,9:20 AM,,
CPIS 499 - مشروع تخرج 2,56584,S35,MW,TBA,,9:00 PM,10:20 PM,,
CPIS 499 - مشروع تخرج 2,56585,S36,MW,TBA,,10:30 PM,11:50 PM,,
CPIS 499 - مشروع تخرج 2,56586,S37,MW,TBA,,6:30 AM,7:50 AM,,
CPIS 499 - مشروع تخرج 2,56587,S38,MW,TBA,,9:00 PM,10:20 PM,,
CPIS 499 - مشروع تخرج 2,56588,S39,TRU,TBA,,10:00 PM,10:50 PM,,
CPIS 499 - مشروع تخرج 2,56589,S40,TRU,TBA,,11:00 PM,11:50 PM,,
CPIS 499 - مشروع تخرج 2,56590,S41,MW,TBA,,6:30 AM,7:50 AM,,
CPIS 499 - مشروع تخرج 2,56591,S42,MW,TBA,,8:00 AM,9:20 AM,,
CPIS 499 - مشروع تخرج 2,56592,S43,MW,TBA,,9:00 PM,10:20 PM,,
CPIS 499 - مشروع تخرج 2,56593,S44,MW,TBA,,10:30 PM,10:50 PM,,
CPIS 499 - مشروع تخرج 2,56594,S45,TRU,TBA,,11:00 PM,11:50 PM,,
CPIS 499 - مشروع تخرج 2,56595,S46,TRU,TBA,,7:00 AM,7:50 AM,,
CPIS 499 - مشروع تخرج 2,56596,S47,TRU,TBA,,8:00 AM,8:50 AM,,
CPIS 499 - مشروع تخرج 2,56597,S48,TRU,TBA,,9:00 PM,9:50 PM,,
CPIS 499 - مشروع تخرج 2,56598,S49,TRU,TBA,,10:00 PM,10:50 PM,,
CPIS 499 - مشروع تخرج 2,56599,S50,TRU,TBA,,11:00 PM,11:50 PM,,
CPIS 499 - مشروع تخرج 2,56600,S51,TRU,TBA,,7:00 AM,7:50 AM,,
CPIS 499 - مشروع تخرج 2,56601,S52,TRU,TBA,,8:00 AM,8:50 AM,,
CPIS 499 - مشروع تخرج 2,56602,S53,TRU,TBA,,9:00 PM,9:50 PM,,
CPIS 499 - مشروع تخرج 2,56603,S54,TRU,TBA,,10:00 PM,10:50 PM,,
CPIS 499 - مشروع تخرج 2,56604,S55,TRU,TBA,,11:00 PM,11:50 PM,,
CPIS 499 - مشروع تخرج 2,56605,S56,TRU,TBA,,7:00 AM,7:50 AM,,
CPIS 499 - مشروع تخرج 2,56606,S57,TRU,TBA,,8:00 AM,8:50 AM,,
CPIS 499 - مشروع تخرج 2,56607,S58,TRU,TBA,,9:00 PM,9:50 PM,,
CPIS 499 - مشروع تخرج 2,56608,S59,TRU,TBA,,10:00 PM,10:50 PM,,
CPIS 499 - مشروع تخرج 2,56609,S60,TRU,TBA,,11:00 PM,11:50 PM,عودة إلى السابق,
